algoritmo,caracteres,bits_datos,bits_trama,overhead,tasa_error,errores_introducidos,resultado
hamming,4,32,38,0.1875,0.0,0,correcto
hamming,4,32,38,0.1875,0.0,0,correcto
hamming,4,32,38,0.1875,0.0,0,correcto
hamming,4,32,38,0.1875,0.0,0,correcto
hamming,4,32,38,0.1875,0.0,0,correcto
hamming,4,32,38,0.1875,0.0,0,correcto
hamming,4,32,38,0.1875,0.0,0,correcto
hamming,4,32,38,0.1875,0.0,0,correcto
hamming,4,32,38,0.1875,0.0,0,correcto
hamming,4,32,38,0.1875,0.0,0,correcto
hamming,4,32,38,0.1875,0.0,0,correcto
hamming,4,32,38,0.1875,0.0,0,correcto
hamming,4,32,38,0.1875,0.0,0,correcto
hamming,4,32,38,0.1875,0.0,0,correcto
hamming,4,32,38,0.1875,0.0,0,correcto
hamming,4,32,38,0.1875,0.0,0,correcto
hamming,4,32,38,0.1875,0.0,0,correcto
hamming,4,32,38,0.1875,0.0,0,correcto
hamming,4,32,38,0.1875,0.0,0,correcto
hamming,4,32,38,0.1875,0.0,0,correcto
hamming,4,32,38,0.1875,0.0,0,correcto
hamming,4,32,38,0.1875,0.0,0,correcto
hamming,4,32,38,0.1875,0.0,0,correcto
hamming,4,32,38,0.1875,0.0,0,correcto
hamming,4,32,38,0.1875,0.0,0,correcto
hamming,4,32,38,0.1875,0.0,0,correcto
hamming,4,32,38,0.1875,0.0,0,correcto
hamming,4,32,38,0.1875,0.0,0,correcto
hamming,4,32,38,0.1875,0.0,0,correcto
hamming,4,32,38,0.1875,0.0,0,correcto
hamming,4,32,38,0.1875,0.0,0,correcto
hamming,4,32,38,0.1875,0.0,0,correcto
hamming,4,32,38,0.1875,0.0,0,correcto
hamming,4,32,38,0.1875,0.0,0,correcto
hamming,4,32,38,0.1875,0.0,0,correcto
hamming,4,32,38,0.1875,0.0,0,correcto
hamming,4,32,38,0.1875,0.0,0,correcto
hamming,4,32,38,0.1875,0.0,0,correcto
hamming,4,32,38,0.1875,0.0,0,correcto
hamming,4,32,38,0.1875,0.0,0,correcto
hamming,4,32,38,0.1875,0.0,0,correcto
hamming,4,32,38,0.1875,0.0,0,correcto
hamming,4,32,38,0.1875,0.0,0,correcto
hamming,4,32,38,0.1875,0.0,0,correcto
hamming,4,32,38,0.1875,0.0,0,correcto
hamming,4,32,38,0.1875,0.0,0,correcto
hamming,4,32,38,0.1875,0.0,0,correcto
hamming,4,32,38,0.1875,0.0,0,correcto
hamming,4,32,38,0.1875,0.0,0,correcto
hamming,4,32,38,0.1875,0.0,0,correcto
hamming,4,32,38,0.1875,0.0,0,correcto
hamming,4,32,38,0.1875,0.0,0,correcto
hamming,4,32,38,0.1875,0.0,0,correcto
hamming,4,32,38,0.1875,0.0,0,correcto
hamming,4,32,38,0.1875,0.0,0,correcto
hamming,4,32,38,0.1875,0.0,0,correcto
hamming,4,32,38,0.1875,0.0,0,correcto
hamming,4,32,38,0.1875,0.0,0,correcto
hamming,4,32,38,0.1875,0.0,0,correcto
hamming,4,32,38,0.1875,0.0,0,correcto
hamming,4,32,38,0.1875,0.0,0,correcto
hamming,4,32,38,0.1875,0.0,0,correcto
hamming,4,32,38,0.1875,0.0,0,correcto
hamming,4,32,38,0.1875,0.0,0,correcto
hamming,4,32,38,0.1875,0.0,0,correcto
hamming,4,32,38,0.1875,0.0,0,correcto
hamming,4,32,38,0.1875,0.0,0,correcto
hamming,4,32,38,0.1875,0.0,0,correcto
hamming,4,32,38,0.1875,0.0,0,correcto
hamming,4,32,38,0.1875,0.0,0,correcto
hamming,4,32,38,0.1875,0.0,0,correcto
hamming,4,32,38,0.1875,0.0,0,correcto
hamming,4,32,38,0.1875,0.0,0,correcto
hamming,4,32,38,0.1875,0.0,0,correcto
hamming,4,32,38,0.1875,0.0,0,correcto
hamming,4,32,38,0.1875,0.0,0,correcto
hamming,4,32,38,0.1875,0.0,0,correcto
hamming,4,32,38,0.1875,0.0,0,correcto
hamming,4,32,38,0.1875,0.0,0,correcto
hamming,4,32,38,0.1875,0.0,0,correcto
hamming,4,32,38,0.1875,0.0,0,correcto
hamming,4,32,38,0.1875,0.0,0,correcto
hamming,4,32,38,0.1875,0.0,0,correcto
hamming,4,32,38,0.1875,0.0,0,correcto
hamming,4,32,38,0.1875,0.0,0,correcto
hamming,4,32,38,0.1875,0.0,0,correcto
hamming,4,32,38,0.1875,0.0,0,correcto
hamming,4,32,38,0.1875,0.0,0,correcto
hamming,4,32,38,0.1875,0.0,0,correcto
hamming,4,32,38,0.1875,0.0,0,correcto
hamming,4,32,38,0.1875,0.0,0,correcto
hamming,4,32,38,0.1875,0.0,0,correcto
hamming,4,32,38,0.1875,0.0,0,correcto
hamming,4,32,38,0.1875,0.0,0,correcto
hamming,4,32,38,0.1875,0.0,0,correcto
hamming,4,32,38,0.1875,0.0,0,correcto
hamming,4,32,38,0.1875,0.0,0,correcto
hamming,4,32,38,0.1875,0.0,0,correcto
hamming,4,32,38,0.1875,0.0,0,correcto
hamming,4,32,38,0.1875,0.0,0,correcto
hamming,4,32,38,0.1875,0.0005,0,correcto
hamming,4,32,38,0.1875,0.0005,0,correcto
hamming,4,32,38,0.1875,0.0005,0,correcto
hamming,4,32,38,0.1875,0.0005,0,correcto
hamming,4,32,38,0.1875,0.0005,0,correcto
hamming,4,32,38,0.1875,0.0005,0,correcto
hamming,4,32,38,0.1875,0.0005,0,correcto
hamming,4,32,38,0.1875,0.0005,0,correcto
hamming,4,32,38,0.1875,0.0005,0,correcto
hamming,4,32,38,0.1875,0.0005,0,correcto
hamming,4,32,38,0.1875,0.0005,0,correcto
hamming,4,32,38,0.1875,0.0005,0,correcto
hamming,4,32,38,0.1875,0.0005,0,correcto
hamming,4,32,38,0.1875,0.0005,0,correcto
hamming,4,32,38,0.1875,0.0005,0,correcto
hamming,4,32,38,0.1875,0.0005,0,correcto
hamming,4,32,38,0.1875,0.0005,0,correcto
hamming,4,32,38,0.1875,0.0005,0,correcto
hamming,4,32,38,0.1875,0.0005,0,correcto
hamming,4,32,38,0.1875,0.0005,0,correcto
hamming,4,32,38,0.1875,0.0005,0,correcto
hamming,4,32,38,0.1875,0.0005,0,correcto
hamming,4,32,38,0.1875,0.0005,0,correcto
hamming,4,32,38,0.1875,0.0005,0,correcto
hamming,4,32,38,0.1875,0.0005,0,correcto
hamming,4,32,38,0.1875,0.0005,0,correcto
hamming,4,32,38,0.1875,0.0005,0,correcto
hamming,4,32,38,0.1875,0.0005,0,correcto
hamming,4,32,38,0.1875,0.0005,0,correcto
hamming,4,32,38,0.1875,0.0005,0,correcto
hamming,4,32,38,0.1875,0.0005,0,correcto
hamming,4,32,38,0.1875,0.0005,0,correcto
hamming,4,32,38,0.1875,0.0005,0,correcto
hamming,4,32,38,0.1875,0.0005,0,correcto
hamming,4,32,38,0.1875,0.0005,0,correcto
hamming,4,32,38,0.1875,0.0005,0,correcto
hamming,4,32,38,0.1875,0.0005,0,correcto
hamming,4,32,38,0.1875,0.0005,0,correcto
hamming,4,32,38,0.1875,0.0005,0,correcto
hamming,4,32,38,0.1875,0.0005,0,correcto
hamming,4,32,38,0.1875,0.0005,0,correcto
hamming,4,32,38,0.1875,0.0005,0,correcto
hamming,4,32,38,0.1875,0.0005,0,correcto
hamming,4,32,38,0.1875,0.0005,0,correcto
hamming,4,32,38,0.1875,0.0005,0,correcto
hamming,4,32,38,0.1875,0.0005,0,correcto
hamming,4,32,38,0.1875,0.0005,0,correcto
hamming,4,32,38,0.1875,0.0005,0,correcto
hamming,4,32,38,0.1875,0.0005,0,correcto
hamming,4,32,38,0.1875,0.0005,0,correcto
hamming,4,32,38,0.1875,0.0005,0,correcto
hamming,4,32,38,0.1875,0.0005,0,correcto
hamming,4,32,38,0.1875,0.0005,0,correcto
hamming,4,32,38,0.1875,0.0005,0,correcto
hamming,4,32,38,0.1875,0.0005,0,correcto
hamming,4,32,38,0.1875,0.0005,0,correcto
hamming,4,32,38,0.1875,0.0005,0,correcto
hamming,4,32,38,0.1875,0.0005,0,correcto
hamming,4,32,38,0.1875,0.0005,0,correcto
hamming,4,32,38,0.1875,0.0005,0,correcto
hamming,4,32,38,0.1875,0.0005,0,correcto
hamming,4,32,38,0.1875,0.0005,0,correcto
hamming,4,32,38,0.1875,0.0005,0,correcto
hamming,4,32,38,0.1875,0.0005,0,correcto
hamming,4,32,38,0.1875,0.0005,0,correcto
hamming,4,32,38,0.1875,0.0005,0,correcto
hamming,4,32,38,0.1875,0.0005,0,correcto
hamming,4,32,38,0.1875,0.0005,0,correcto
hamming,4,32,38,0.1875,0.0005,0,correcto
hamming,4,32,38,0.1875,0.0005,0,correcto
hamming,4,32,38,0.1875,0.0005,0,correcto
hamming,4,32,38,0.1875,0.0005,0,correcto
hamming,4,32,38,0.1875,0.0005,0,correcto
hamming,4,32,38,0.1875,0.0005,0,correcto
hamming,4,32,38,0.1875,0.0005,1,correcto
hamming,4,32,38,0.1875,0.0005,0,correcto
hamming,4,32,38,0.1875,0.0005,0,correcto
hamming,4,32,38,0.1875,0.0005,0,correcto
hamming,4,32,38,0.1875,0.0005,0,correcto
hamming,4,32,38,0.1875,0.0005,0,correcto
hamming,4,32,38,0.1875,0.0005,0,correcto
hamming,4,32,38,0.1875,0.0005,0,correcto
hamming,4,32,38,0.1875,0.0005,0,correcto
hamming,4,32,38,0.1875,0.0005,0,correcto
hamming,4,32,38,0.1875,0.0005,0,correcto
hamming,4,32,38,0.1875,0.0005,0,correcto
hamming,4,32,38,0.1875,0.0005,0,correcto
hamming,4,32,38,0.1875,0.0005,0,correcto
hamming,4,32,38,0.1875,0.0005,0,correcto
hamming,4,32,38,0.1875,0.0005,0,correcto
hamming,4,32,38,0.1875,0.0005,0,correcto
hamming,4,32,38,0.1875,0.0005,0,correcto
hamming,4,32,38,0.1875,0.0005,0,correcto
hamming,4,32,38,0.1875,0.0005,0,correcto
hamming,4,32,38,0.1875,0.0005,0,correcto
hamming,4,32,38,0.1875,0.0005,0,correcto
hamming,4,32,38,0.1875,0.0005,0,correcto
hamming,4,32,38,0.1875,0.0005,0,correcto
hamming,4,32,38,0.1875,0.0005,0,correcto
hamming,4,32,38,0.1875,0.0005,1,correcto
hamming,4,32,38,0.1875,0.001,0,correcto
hamming,4,32,38,0.1875,0.001,0,correcto
hamming,4,32,38,0.1875,0.001,0,correcto
hamming,4,32,38,0.1875,0.001,0,correcto
hamming,4,32,38,0.1875,0.001,0,correcto
hamming,4,32,38,0.1875,0.001,0,correcto
hamming,4,32,38,0.1875,0.001,0,correcto
hamming,4,32,38,0.1875,0.001,0,correcto
hamming,4,32,38,0.1875,0.001,0,correcto
hamming,4,32,38,0.1875,0.001,0,correcto
hamming,4,32,38,0.1875,0.001,0,correcto
hamming,4,32,38,0.1875,0.001,0,correcto
hamming,4,32,38,0.1875,0.001,0,correcto
hamming,4,32,38,0.1875,0.001,0,correcto
hamming,4,32,38,0.1875,0.001,0,correcto
hamming,4,32,38,0.1875,0.001,1,correcto
hamming,4,32,38,0.1875,0.001,0,correcto
hamming,4,32,38,0.1875,0.001,0,correcto
hamming,4,32,38,0.1875,0.001,0,correcto
hamming,4,32,38,0.1875,0.001,0,correcto
hamming,4,32,38,0.1875,0.001,1,correcto
hamming,4,32,38,0.1875,0.001,0,correcto
hamming,4,32,38,0.1875,0.001,0,correcto
hamming,4,32,38,0.1875,0.001,0,correcto
hamming,4,32,38,0.1875,0.001,0,correcto
hamming,4,32,38,0.1875,0.001,0,correcto
hamming,4,32,38,0.1875,0.001,0,correcto
hamming,4,32,38,0.1875,0.001,0,correcto
hamming,4,32,38,0.1875,0.001,0,correcto
hamming,4,32,38,0.1875,0.001,0,correcto
hamming,4,32,38,0.1875,0.001,0,correcto
hamming,4,32,38,0.1875,0.001,0,correcto
hamming,4,32,38,0.1875,0.001,0,correcto
hamming,4,32,38,0.1875,0.001,0,correcto
hamming,4,32,38,0.1875,0.001,0,correcto
hamming,4,32,38,0.1875,0.001,0,correcto
hamming,4,32,38,0.1875,0.001,0,correcto
hamming,4,32,38,0.1875,0.001,0,correcto
hamming,4,32,38,0.1875,0.001,0,correcto
hamming,4,32,38,0.1875,0.001,0,correcto
hamming,4,32,38,0.1875,0.001,0,correcto
hamming,4,32,38,0.1875,0.001,0,correcto
hamming,4,32,38,0.1875,0.001,0,correcto
hamming,4,32,38,0.1875,0.001,0,correcto
hamming,4,32,38,0.1875,0.001,0,correcto
hamming,4,32,38,0.1875,0.001,0,correcto
hamming,4,32,38,0.1875,0.001,0,correcto
hamming,4,32,38,0.1875,0.001,0,correcto
hamming,4,32,38,0.1875,0.001,0,correcto
hamming,4,32,38,0.1875,0.001,0,correcto
hamming,4,32,38,0.1875,0.001,0,correcto
hamming,4,32,38,0.1875,0.001,0,correcto
hamming,4,32,38,0.1875,0.001,0,correcto
hamming,4,32,38,0.1875,0.001,0,correcto
hamming,4,32,38,0.1875,0.001,0,correcto
hamming,4,32,38,0.1875,0.001,0,correcto
hamming,4,32,38,0.1875,0.001,0,correcto
hamming,4,32,38,0.1875,0.001,0,correcto
hamming,4,32,38,0.1875,0.001,0,correcto
hamming,4,32,38,0.1875,0.001,0,correcto
hamming,4,32,38,0.1875,0.001,0,correcto
hamming,4,32,38,0.1875,0.001,1,correcto
hamming,4,32,38,0.1875,0.001,0,correcto
hamming,4,32,38,0.1875,0.001,0,correcto
hamming,4,32,38,0.1875,0.001,0,correcto
hamming,4,32,38,0.1875,0.001,0,correcto
hamming,4,32,38,0.1875,0.001,0,correcto
hamming,4,32,38,0.1875,0.001,0,correcto
hamming,4,32,38,0.1875,0.001,0,correcto
hamming,4,32,38,0.1875,0.001,0,correcto
hamming,4,32,38,0.1875,0.001,0,correcto
hamming,4,32,38,0.1875,0.001,0,correcto
hamming,4,32,38,0.1875,0.001,0,correcto
hamming,4,32,38,0.1875,0.001,0,correcto
hamming,4,32,38,0.1875,0.001,0,correcto
hamming,4,32,38,0.1875,0.001,0,correcto
hamming,4,32,38,0.1875,0.001,0,correcto
hamming,4,32,38,0.1875,0.001,0,correcto
hamming,4,32,38,0.1875,0.001,0,correcto
hamming,4,32,38,0.1875,0.001,0,correcto
hamming,4,32,38,0.1875,0.001,0,correcto
hamming,4,32,38,0.1875,0.001,0,correcto
hamming,4,32,38,0.1875,0.001,0,correcto
hamming,4,32,38,0.1875,0.001,0,correcto
hamming,4,32,38,0.1875,0.001,0,correcto
hamming,4,32,38,0.1875,0.001,0,correcto
hamming,4,32,38,0.1875,0.001,0,correcto
hamming,4,32,38,0.1875,0.001,0,correcto
hamming,4,32,38,0.1875,0.001,1,correcto
hamming,4,32,38,0.1875,0.001,0,correcto
hamming,4,32,38,0.1875,0.001,0,correcto
hamming,4,32,38,0.1875,0.001,0,correcto
hamming,4,32,38,0.1875,0.001,0,correcto
hamming,4,32,38,0.1875,0.001,0,correcto
hamming,4,32,38,0.1875,0.001,0,correcto
hamming,4,32,38,0.1875,0.001,1,correcto
hamming,4,32,38,0.1875,0.001,0,correcto
hamming,4,32,38,0.1875,0.001,0,correcto
hamming,4,32,38,0.1875,0.001,0,correcto
hamming,4,32,38,0.1875,0.001,0,correcto
hamming,4,32,38,0.1875,0.005,0,correcto
hamming,4,32,38,0.1875,0.005,0,correcto
hamming,4,32,38,0.1875,0.005,0,correcto
hamming,4,32,38,0.1875,0.005,0,correcto
hamming,4,32,38,0.1875,0.005,0,correcto
hamming,4,32,38,0.1875,0.005,0,correcto
hamming,4,32,38,0.1875,0.005,0,correcto
hamming,4,32,38,0.1875,0.005,0,correcto
hamming,4,32,38,0.1875,0.005,0,correcto
hamming,4,32,38,0.1875,0.005,0,correcto
hamming,4,32,38,0.1875,0.005,0,correcto
hamming,4,32,38,0.1875,0.005,0,correcto
hamming,4,32,38,0.1875,0.005,0,correcto
hamming,4,32,38,0.1875,0.005,0,correcto
hamming,4,32,38,0.1875,0.005,0,correcto
hamming,4,32,38,0.1875,0.005,1,correcto
hamming,4,32,38,0.1875,0.005,0,correcto
hamming,4,32,38,0.1875,0.005,0,correcto
hamming,4,32,38,0.1875,0.005,0,correcto
hamming,4,32,38,0.1875,0.005,0,correcto
hamming,4,32,38,0.1875,0.005,0,correcto
hamming,4,32,38,0.1875,0.005,0,correcto
hamming,4,32,38,0.1875,0.005,1,correcto
hamming,4,32,38,0.1875,0.005,0,correcto
hamming,4,32,38,0.1875,0.005,0,correcto
hamming,4,32,38,0.1875,0.005,0,correcto
hamming,4,32,38,0.1875,0.005,0,correcto
hamming,4,32,38,0.1875,0.005,0,correcto
hamming,4,32,38,0.1875,0.005,0,correcto
hamming,4,32,38,0.1875,0.005,0,correcto
hamming,4,32,38,0.1875,0.005,0,correcto
hamming,4,32,38,0.1875,0.005,0,correcto
hamming,4,32,38,0.1875,0.005,0,correcto
hamming,4,32,38,0.1875,0.005,0,correcto
hamming,4,32,38,0.1875,0.005,0,correcto
hamming,4,32,38,0.1875,0.005,0,correcto
hamming,4,32,38,0.1875,0.005,0,correcto
hamming,4,32,38,0.1875,0.005,0,correcto
hamming,4,32,38,0.1875,0.005,0,correcto
hamming,4,32,38,0.1875,0.005,1,correcto
hamming,4,32,38,0.1875,0.005,0,correcto
hamming,4,32,38,0.1875,0.005,0,correcto
hamming,4,32,38,0.1875,0.005,0,correcto
hamming,4,32,38,0.1875,0.005,0,correcto
hamming,4,32,38,0.1875,0.005,0,correcto
hamming,4,32,38,0.1875,0.005,0,correcto
hamming,4,32,38,0.1875,0.005,2,detectado
hamming,4,32,38,0.1875,0.005,0,correcto
hamming,4,32,38,0.1875,0.005,0,correcto
hamming,4,32,38,0.1875,0.005,1,correcto
hamming,4,32,38,0.1875,0.005,0,correcto
hamming,4,32,38,0.1875,0.005,0,correcto
hamming,4,32,38,0.1875,0.005,1,correcto
hamming,4,32,38,0.1875,0.005,0,correcto
hamming,4,32,38,0.1875,0.005,0,correcto
hamming,4,32,38,0.1875,0.005,0,correcto
hamming,4,32,38,0.1875,0.005,0,correcto
hamming,4,32,38,0.1875,0.005,0,correcto
hamming,4,32,38,0.1875,0.005,0,correcto
hamming,4,32,38,0.1875,0.005,0,correcto
hamming,4,32,38,0.1875,0.005,0,correcto
hamming,4,32,38,0.1875,0.005,0,correcto
hamming,4,32,38,0.1875,0.005,0,correcto
hamming,4,32,38,0.1875,0.005,0,correcto
hamming,4,32,38,0.1875,0.005,0,correcto
hamming,4,32,38,0.1875,0.005,0,correcto
hamming,4,32,38,0.1875,0.005,0,correcto
hamming,4,32,38,0.1875,0.005,0,correcto
hamming,4,32,38,0.1875,0.005,0,correcto
hamming,4,32,38,0.1875,0.005,0,correcto
hamming,4,32,38,0.1875,0.005,0,correcto
hamming,4,32,38,0.1875,0.005,0,correcto
hamming,4,32,38,0.1875,0.005,0,correcto
hamming,4,32,38,0.1875,0.005,0,correcto
hamming,4,32,38,0.1875,0.005,0,correcto
hamming,4,32,38,0.1875,0.005,0,correcto
hamming,4,32,38,0.1875,0.005,0,correcto
hamming,4,32,38,0.1875,0.005,0,correcto
hamming,4,32,38,0.1875,0.005,0,correcto
hamming,4,32,38,0.1875,0.005,0,correcto
hamming,4,32,38,0.1875,0.005,0,correcto
hamming,4,32,38,0.1875,0.005,0,correcto
hamming,4,32,38,0.1875,0.005,1,correcto
hamming,4,32,38,0.1875,0.005,0,correcto
hamming,4,32,38,0.1875,0.005,0,correcto
hamming,4,32,38,0.1875,0.005,0,correcto
hamming,4,32,38,0.1875,0.005,0,correcto
hamming,4,32,38,0.1875,0.005,1,correcto
hamming,4,32,38,0.1875,0.005,0,correcto
hamming,4,32,38,0.1875,0.005,0,correcto
hamming,4,32,38,0.1875,0.005,0,correcto
hamming,4,32,38,0.1875,0.005,0,correcto
hamming,4,32,38,0.1875,0.005,0,correcto
hamming,4,32,38,0.1875,0.005,0,correcto
hamming,4,32,38,0.1875,0.005,0,correcto
hamming,4,32,38,0.1875,0.005,0,correcto
hamming,4,32,38,0.1875,0.005,0,correcto
hamming,4,32,38,0.1875,0.005,0,correcto
hamming,4,32,38,0.1875,0.005,1,correcto
hamming,4,32,38,0.1875,0.005,0,correcto
hamming,4,32,38,0.1875,0.01,0,correcto
hamming,4,32,38,0.1875,0.01,0,correcto
hamming,4,32,38,0.1875,0.01,0,correcto
hamming,4,32,38,0.1875,0.01,0,correcto
hamming,4,32,38,0.1875,0.01,0,correcto
hamming,4,32,38,0.1875,0.01,1,correcto
hamming,4,32,38,0.1875,0.01,0,correcto
hamming,4,32,38,0.1875,0.01,0,correcto
hamming,4,32,38,0.1875,0.01,0,correcto
hamming,4,32,38,0.1875,0.01,1,correcto
hamming,4,32,38,0.1875,0.01,0,correcto
hamming,4,32,38,0.1875,0.01,0,correcto
hamming,4,32,38,0.1875,0.01,1,correcto
hamming,4,32,38,0.1875,0.01,1,correcto
hamming,4,32,38,0.1875,0.01,0,correcto
hamming,4,32,38,0.1875,0.01,0,correcto
hamming,4,32,38,0.1875,0.01,1,correcto
hamming,4,32,38,0.1875,0.01,0,correcto
hamming,4,32,38,0.1875,0.01,0,correcto
hamming,4,32,38,0.1875,0.01,0,correcto
hamming,4,32,38,0.1875,0.01,1,correcto
hamming,4,32,38,0.1875,0.01,0,correcto
hamming,4,32,38,0.1875,0.01,1,correcto
hamming,4,32,38,0.1875,0.01,0,correcto
hamming,4,32,38,0.1875,0.01,0,correcto
hamming,4,32,38,0.1875,0.01,1,correcto
hamming,4,32,38,0.1875,0.01,2,detectado
hamming,4,32,38,0.1875,0.01,1,correcto
hamming,4,32,38,0.1875,0.01,1,correcto
hamming,4,32,38,0.1875,0.01,0,correcto
hamming,4,32,38,0.1875,0.01,0,correcto
hamming,4,32,38,0.1875,0.01,1,correcto
hamming,4,32,38,0.1875,0.01,2,detectado
hamming,4,32,38,0.1875,0.01,0,correcto
hamming,4,32,38,0.1875,0.01,0,correcto
hamming,4,32,38,0.1875,0.01,0,correcto
hamming,4,32,38,0.1875,0.01,1,correcto
hamming,4,32,38,0.1875,0.01,0,correcto
hamming,4,32,38,0.1875,0.01,0,correcto
hamming,4,32,38,0.1875,0.01,0,correcto
hamming,4,32,38,0.1875,0.01,0,correcto
hamming,4,32,38,0.1875,0.01,0,correcto
hamming,4,32,38,0.1875,0.01,0,correcto
hamming,4,32,38,0.1875,0.01,0,correcto
hamming,4,32,38,0.1875,0.01,1,correcto
hamming,4,32,38,0.1875,0.01,0,correcto
hamming,4,32,38,0.1875,0.01,1,correcto
hamming,4,32,38,0.1875,0.01,0,correcto
hamming,4,32,38,0.1875,0.01,0,correcto
hamming,4,32,38,0.1875,0.01,0,correcto
hamming,4,32,38,0.1875,0.01,1,correcto
hamming,4,32,38,0.1875,0.01,0,correcto
hamming,4,32,38,0.1875,0.01,0,correcto
hamming,4,32,38,0.1875,0.01,0,correcto
hamming,4,32,38,0.1875,0.01,1,correcto
hamming,4,32,38,0.1875,0.01,0,correcto
hamming,4,32,38,0.1875,0.01,0,correcto
hamming,4,32,38,0.1875,0.01,0,correcto
hamming,4,32,38,0.1875,0.01,0,correcto
hamming,4,32,38,0.1875,0.01,1,correcto
hamming,4,32,38,0.1875,0.01,1,correcto
hamming,4,32,38,0.1875,0.01,0,correcto
hamming,4,32,38,0.1875,0.01,2,no_detectado
hamming,4,32,38,0.1875,0.01,0,correcto
hamming,4,32,38,0.1875,0.01,0,correcto
hamming,4,32,38,0.1875,0.01,0,correcto
hamming,4,32,38,0.1875,0.01,1,correcto
hamming,4,32,38,0.1875,0.01,0,correcto
hamming,4,32,38,0.1875,0.01,1,correcto
hamming,4,32,38,0.1875,0.01,1,correcto
hamming,4,32,38,0.1875,0.01,1,correcto
hamming,4,32,38,0.1875,0.01,1,correcto
hamming,4,32,38,0.1875,0.01,1,correcto
hamming,4,32,38,0.1875,0.01,0,correcto
hamming,4,32,38,0.1875,0.01,0,correcto
hamming,4,32,38,0.1875,0.01,0,correcto
hamming,4,32,38,0.1875,0.01,0,correcto
hamming,4,32,38,0.1875,0.01,2,no_detectado
hamming,4,32,38,0.1875,0.01,0,correcto
hamming,4,32,38,0.1875,0.01,0,correcto
hamming,4,32,38,0.1875,0.01,1,correcto
hamming,4,32,38,0.1875,0.01,1,correcto
hamming,4,32,38,0.1875,0.01,1,correcto
hamming,4,32,38,0.1875,0.01,0,correcto
hamming,4,32,38,0.1875,0.01,0,correcto
hamming,4,32,38,0.1875,0.01,0,correcto
hamming,4,32,38,0.1875,0.01,0,correcto
hamming,4,32,38,0.1875,0.01,1,correcto
hamming,4,32,38,0.1875,0.01,0,correcto
hamming,4,32,38,0.1875,0.01,0,correcto
hamming,4,32,38,0.1875,0.01,1,correcto
hamming,4,32,38,0.1875,0.01,2,no_detectado
hamming,4,32,38,0.1875,0.01,0,correcto
hamming,4,32,38,0.1875,0.01,0,correcto
hamming,4,32,38,0.1875,0.01,0,correcto
hamming,4,32,38,0.1875,0.01,1,correcto
hamming,4,32,38,0.1875,0.01,0,correcto
hamming,4,32,38,0.1875,0.01,1,correcto
hamming,4,32,38,0.1875,0.01,1,correcto
hamming,4,32,38,0.1875,0.01,1,correcto
hamming,4,32,38,0.1875,0.02,3,detectado
hamming,4,32,38,0.1875,0.02,1,correcto
hamming,4,32,38,0.1875,0.02,0,correcto
hamming,4,32,38,0.1875,0.02,0,correcto
hamming,4,32,38,0.1875,0.02,1,correcto
hamming,4,32,38,0.1875,0.02,0,correcto
hamming,4,32,38,0.1875,0.02,0,correcto
hamming,4,32,38,0.1875,0.02,2,no_detectado
hamming,4,32,38,0.1875,0.02,0,correcto
hamming,4,32,38,0.1875,0.02,0,correcto
hamming,4,32,38,0.1875,0.02,0,correcto
hamming,4,32,38,0.1875,0.02,1,correcto
hamming,4,32,38,0.1875,0.02,0,correcto
hamming,4,32,38,0.1875,0.02,1,correcto
hamming,4,32,38,0.1875,0.02,2,detectado
hamming,4,32,38,0.1875,0.02,1,correcto
hamming,4,32,38,0.1875,0.02,0,correcto
hamming,4,32,38,0.1875,0.02,0,correcto
hamming,4,32,38,0.1875,0.02,1,correcto
hamming,4,32,38,0.1875,0.02,0,correcto
hamming,4,32,38,0.1875,0.02,0,correcto
hamming,4,32,38,0.1875,0.02,1,correcto
hamming,4,32,38,0.1875,0.02,1,correcto
hamming,4,32,38,0.1875,0.02,0,correcto
hamming,4,32,38,0.1875,0.02,0,correcto
hamming,4,32,38,0.1875,0.02,2,detectado
hamming,4,32,38,0.1875,0.02,0,correcto
hamming,4,32,38,0.1875,0.02,0,correcto
hamming,4,32,38,0.1875,0.02,1,correcto
hamming,4,32,38,0.1875,0.02,2,detectado
hamming,4,32,38,0.1875,0.02,0,correcto
hamming,4,32,38,0.1875,0.02,1,correcto
hamming,4,32,38,0.1875,0.02,1,correcto
hamming,4,32,38,0.1875,0.02,3,detectado
hamming,4,32,38,0.1875,0.02,2,no_detectado
hamming,4,32,38,0.1875,0.02,0,correcto
hamming,4,32,38,0.1875,0.02,2,no_detectado
hamming,4,32,38,0.1875,0.02,0,correcto
hamming,4,32,38,0.1875,0.02,1,correcto
hamming,4,32,38,0.1875,0.02,0,correcto
hamming,4,32,38,0.1875,0.02,0,correcto
hamming,4,32,38,0.1875,0.02,1,correcto
hamming,4,32,38,0.1875,0.02,2,no_detectado
hamming,4,32,38,0.1875,0.02,1,correcto
hamming,4,32,38,0.1875,0.02,0,correcto
hamming,4,32,38,0.1875,0.02,2,no_detectado
hamming,4,32,38,0.1875,0.02,3,detectado
hamming,4,32,38,0.1875,0.02,1,correcto
hamming,4,32,38,0.1875,0.02,0,correcto
hamming,4,32,38,0.1875,0.02,1,correcto
hamming,4,32,38,0.1875,0.02,1,correcto
hamming,4,32,38,0.1875,0.02,1,correcto
hamming,4,32,38,0.1875,0.02,3,no_detectado
hamming,4,32,38,0.1875,0.02,2,no_detectado
hamming,4,32,38,0.1875,0.02,1,correcto
hamming,4,32,38,0.1875,0.02,3,detectado
hamming,4,32,38,0.1875,0.02,1,correcto
hamming,4,32,38,0.1875,0.02,1,correcto
hamming,4,32,38,0.1875,0.02,1,correcto
hamming,4,32,38,0.1875,0.02,1,correcto
hamming,4,32,38,0.1875,0.02,1,correcto
hamming,4,32,38,0.1875,0.02,0,correcto
hamming,4,32,38,0.1875,0.02,2,no_detectado
hamming,4,32,38,0.1875,0.02,1,correcto
hamming,4,32,38,0.1875,0.02,3,no_detectado
hamming,4,32,38,0.1875,0.02,0,correcto
hamming,4,32,38,0.1875,0.02,0,correcto
hamming,4,32,38,0.1875,0.02,1,correcto
hamming,4,32,38,0.1875,0.02,0,correcto
hamming,4,32,38,0.1875,0.02,4,no_detectado
hamming,4,32,38,0.1875,0.02,0,correcto
hamming,4,32,38,0.1875,0.02,1,correcto
hamming,4,32,38,0.1875,0.02,0,correcto
hamming,4,32,38,0.1875,0.02,0,correcto
hamming,4,32,38,0.1875,0.02,2,no_detectado
hamming,4,32,38,0.1875,0.02,0,correcto
hamming,4,32,38,0.1875,0.02,1,correcto
hamming,4,32,38,0.1875,0.02,2,detectado
hamming,4,32,38,0.1875,0.02,2,detectado
hamming,4,32,38,0.1875,0.02,0,correcto
hamming,4,32,38,0.1875,0.02,2,no_detectado
hamming,4,32,38,0.1875,0.02,1,correcto
hamming,4,32,38,0.1875,0.02,1,correcto
hamming,4,32,38,0.1875,0.02,1,correcto
hamming,4,32,38,0.1875,0.02,1,correcto
hamming,4,32,38,0.1875,0.02,0,correcto
hamming,4,32,38,0.1875,0.02,1,correcto
hamming,4,32,38,0.1875,0.02,4,detectado
hamming,4,32,38,0.1875,0.02,2,no_detectado
hamming,4,32,38,0.1875,0.02,1,correcto
hamming,4,32,38,0.1875,0.02,0,correcto
hamming,4,32,38,0.1875,0.02,0,correcto
hamming,4,32,38,0.1875,0.02,2,detectado
hamming,4,32,38,0.1875,0.02,1,correcto
hamming,4,32,38,0.1875,0.02,1,correcto
hamming,4,32,38,0.1875,0.02,1,correcto
hamming,4,32,38,0.1875,0.02,0,correcto
hamming,4,32,38,0.1875,0.02,3,detectado
hamming,4,32,38,0.1875,0.02,1,correcto
hamming,4,32,38,0.1875,0.02,0,correcto
hamming,4,32,38,0.1875,0.05,3,detectado
hamming,4,32,38,0.1875,0.05,2,detectado
hamming,4,32,38,0.1875,0.05,2,detectado
hamming,4,32,38,0.1875,0.05,1,correcto
hamming,4,32,38,0.1875,0.05,4,detectado
hamming,4,32,38,0.1875,0.05,0,correcto
hamming,4,32,38,0.1875,0.05,1,correcto
hamming,4,32,38,0.1875,0.05,3,detectado
hamming,4,32,38,0.1875,0.05,1,correcto
hamming,4,32,38,0.1875,0.05,3,detectado
hamming,4,32,38,0.1875,0.05,5,detectado
hamming,4,32,38,0.1875,0.05,1,correcto
hamming,4,32,38,0.1875,0.05,1,correcto
hamming,4,32,38,0.1875,0.05,2,detectado
hamming,4,32,38,0.1875,0.05,5,detectado
hamming,4,32,38,0.1875,0.05,2,detectado
hamming,4,32,38,0.1875,0.05,3,detectado
hamming,4,32,38,0.1875,0.05,1,correcto
hamming,4,32,38,0.1875,0.05,1,correcto
hamming,4,32,38,0.1875,0.05,1,correcto
hamming,4,32,38,0.1875,0.05,2,detectado
hamming,4,32,38,0.1875,0.05,2,no_detectado
hamming,4,32,38,0.1875,0.05,0,correcto
hamming,4,32,38,0.1875,0.05,0,correcto
hamming,4,32,38,0.1875,0.05,6,no_detectado
hamming,4,32,38,0.1875,0.05,0,correcto
hamming,4,32,38,0.1875,0.05,0,correcto
hamming,4,32,38,0.1875,0.05,1,correcto
hamming,4,32,38,0.1875,0.05,3,detectado
hamming,4,32,38,0.1875,0.05,3,detectado
hamming,4,32,38,0.1875,0.05,3,detectado
hamming,4,32,38,0.1875,0.05,1,correcto
hamming,4,32,38,0.1875,0.05,2,detectado
hamming,4,32,38,0.1875,0.05,1,correcto
hamming,4,32,38,0.1875,0.05,5,detectado
hamming,4,32,38,0.1875,0.05,3,detectado
hamming,4,32,38,0.1875,0.05,3,detectado
hamming,4,32,38,0.1875,0.05,3,no_detectado
hamming,4,32,38,0.1875,0.05,3,detectado
hamming,4,32,38,0.1875,0.05,2,no_detectado
hamming,4,32,38,0.1875,0.05,4,detectado
hamming,4,32,38,0.1875,0.05,1,correcto
hamming,4,32,38,0.1875,0.05,1,correcto
hamming,4,32,38,0.1875,0.05,1,correcto
hamming,4,32,38,0.1875,0.05,1,correcto
hamming,4,32,38,0.1875,0.05,3,no_detectado
hamming,4,32,38,0.1875,0.05,2,no_detectado
hamming,4,32,38,0.1875,0.05,2,no_detectado
hamming,4,32,38,0.1875,0.05,1,correcto
hamming,4,32,38,0.1875,0.05,2,no_detectado
hamming,4,32,38,0.1875,0.05,1,correcto
hamming,4,32,38,0.1875,0.05,1,correcto
hamming,4,32,38,0.1875,0.05,3,no_detectado
hamming,4,32,38,0.1875,0.05,2,no_detectado
hamming,4,32,38,0.1875,0.05,2,no_detectado
hamming,4,32,38,0.1875,0.05,4,detectado
hamming,4,32,38,0.1875,0.05,2,detectado
hamming,4,32,38,0.1875,0.05,3,detectado
hamming,4,32,38,0.1875,0.05,1,correcto
hamming,4,32,38,0.1875,0.05,0,correcto
hamming,4,32,38,0.1875,0.05,4,detectado
hamming,4,32,38,0.1875,0.05,3,no_detectado
hamming,4,32,38,0.1875,0.05,1,correcto
hamming,4,32,38,0.1875,0.05,3,detectado
hamming,4,32,38,0.1875,0.05,1,correcto
hamming,4,32,38,0.1875,0.05,1,correcto
hamming,4,32,38,0.1875,0.05,1,correcto
hamming,4,32,38,0.1875,0.05,1,correcto
hamming,4,32,38,0.1875,0.05,2,no_detectado
hamming,4,32,38,0.1875,0.05,2,detectado
hamming,4,32,38,0.1875,0.05,3,detectado
hamming,4,32,38,0.1875,0.05,0,correcto
hamming,4,32,38,0.1875,0.05,2,detectado
hamming,4,32,38,0.1875,0.05,2,detectado
hamming,4,32,38,0.1875,0.05,1,correcto
hamming,4,32,38,0.1875,0.05,1,correcto
hamming,4,32,38,0.1875,0.05,2,detectado
hamming,4,32,38,0.1875,0.05,1,correcto
hamming,4,32,38,0.1875,0.05,1,correcto
hamming,4,32,38,0.1875,0.05,1,correcto
hamming,4,32,38,0.1875,0.05,2,no_detectado
hamming,4,32,38,0.1875,0.05,1,correcto
hamming,4,32,38,0.1875,0.05,3,detectado
hamming,4,32,38,0.1875,0.05,1,correcto
hamming,4,32,38,0.1875,0.05,1,correcto
hamming,4,32,38,0.1875,0.05,3,detectado
hamming,4,32,38,0.1875,0.05,1,correcto
hamming,4,32,38,0.1875,0.05,3,no_detectado
hamming,4,32,38,0.1875,0.05,2,detectado
hamming,4,32,38,0.1875,0.05,2,detectado
hamming,4,32,38,0.1875,0.05,3,detectado
hamming,4,32,38,0.1875,0.05,1,correcto
hamming,4,32,38,0.1875,0.05,0,correcto
hamming,4,32,38,0.1875,0.05,1,correcto
hamming,4,32,38,0.1875,0.05,4,no_detectado
hamming,4,32,38,0.1875,0.05,4,no_detectado
hamming,4,32,38,0.1875,0.05,2,detectado
hamming,4,32,38,0.1875,0.05,3,no_detectado
hamming,4,32,38,0.1875,0.05,0,correcto
hamming,4,32,38,0.1875,0.05,0,correcto
hamming,16,128,136,0.0625,0.0,0,correcto
hamming,16,128,136,0.0625,0.0,0,correcto
hamming,16,128,136,0.0625,0.0,0,correcto
hamming,16,128,136,0.0625,0.0,0,correcto
hamming,16,128,136,0.0625,0.0,0,correcto
hamming,16,128,136,0.0625,0.0,0,correcto
hamming,16,128,136,0.0625,0.0,0,correcto
hamming,16,128,136,0.0625,0.0,0,correcto
hamming,16,128,136,0.0625,0.0,0,correcto
hamming,16,128,136,0.0625,0.0,0,correcto
hamming,16,128,136,0.0625,0.0,0,correcto
hamming,16,128,136,0.0625,0.0,0,correcto
hamming,16,128,136,0.0625,0.0,0,correcto
hamming,16,128,136,0.0625,0.0,0,correcto
hamming,16,128,136,0.0625,0.0,0,correcto
hamming,16,128,136,0.0625,0.0,0,correcto
hamming,16,128,136,0.0625,0.0,0,correcto
hamming,16,128,136,0.0625,0.0,0,correcto
hamming,16,128,136,0.0625,0.0,0,correcto
hamming,16,128,136,0.0625,0.0,0,correcto
hamming,16,128,136,0.0625,0.0,0,correcto
hamming,16,128,136,0.0625,0.0,0,correcto
hamming,16,128,136,0.0625,0.0,0,correcto
hamming,16,128,136,0.0625,0.0,0,correcto
hamming,16,128,136,0.0625,0.0,0,correcto
hamming,16,128,136,0.0625,0.0,0,correcto
hamming,16,128,136,0.0625,0.0,0,correcto
hamming,16,128,136,0.0625,0.0,0,correcto
hamming,16,128,136,0.0625,0.0,0,correcto
hamming,16,128,136,0.0625,0.0,0,correcto
hamming,16,128,136,0.0625,0.0,0,correcto
hamming,16,128,136,0.0625,0.0,0,correcto
hamming,16,128,136,0.0625,0.0,0,correcto
hamming,16,128,136,0.0625,0.0,0,correcto
hamming,16,128,136,0.0625,0.0,0,correcto
hamming,16,128,136,0.0625,0.0,0,correcto
hamming,16,128,136,0.0625,0.0,0,correcto
hamming,16,128,136,0.0625,0.0,0,correcto
hamming,16,128,136,0.0625,0.0,0,correcto
hamming,16,128,136,0.0625,0.0,0,correcto
hamming,16,128,136,0.0625,0.0,0,correcto
hamming,16,128,136,0.0625,0.0,0,correcto
hamming,16,128,136,0.0625,0.0,0,correcto
hamming,16,128,136,0.0625,0.0,0,correcto
hamming,16,128,136,0.0625,0.0,0,correcto
hamming,16,128,136,0.0625,0.0,0,correcto
hamming,16,128,136,0.0625,0.0,0,correcto
hamming,16,128,136,0.0625,0.0,0,correcto
hamming,16,128,136,0.0625,0.0,0,correcto
hamming,16,128,136,0.0625,0.0,0,correcto
hamming,16,128,136,0.0625,0.0,0,correcto
hamming,16,128,136,0.0625,0.0,0,correcto
hamming,16,128,136,0.0625,0.0,0,correcto
hamming,16,128,136,0.0625,0.0,0,correcto
hamming,16,128,136,0.0625,0.0,0,correcto
hamming,16,128,136,0.0625,0.0,0,correcto
hamming,16,128,136,0.0625,0.0,0,correcto
hamming,16,128,136,0.0625,0.0,0,correcto
hamming,16,128,136,0.0625,0.0,0,correcto
hamming,16,128,136,0.0625,0.0,0,correcto
hamming,16,128,136,0.0625,0.0,0,correcto
hamming,16,128,136,0.0625,0.0,0,correcto
hamming,16,128,136,0.0625,0.0,0,correcto
hamming,16,128,136,0.0625,0.0,0,correcto
hamming,16,128,136,0.0625,0.0,0,correcto
hamming,16,128,136,0.0625,0.0,0,correcto
hamming,16,128,136,0.0625,0.0,0,correcto
hamming,16,128,136,0.0625,0.0,0,correcto
hamming,16,128,136,0.0625,0.0,0,correcto
hamming,16,128,136,0.0625,0.0,0,correcto
hamming,16,128,136,0.0625,0.0,0,correcto
hamming,16,128,136,0.0625,0.0,0,correcto
hamming,16,128,136,0.0625,0.0,0,correcto
hamming,16,128,136,0.0625,0.0,0,correcto
hamming,16,128,136,0.0625,0.0,0,correcto
hamming,16,128,136,0.0625,0.0,0,correcto
hamming,16,128,136,0.0625,0.0,0,correcto
hamming,16,128,136,0.0625,0.0,0,correcto
hamming,16,128,136,0.0625,0.0,0,correcto
hamming,16,128,136,0.0625,0.0,0,correcto
hamming,16,128,136,0.0625,0.0,0,correcto
hamming,16,128,136,0.0625,0.0,0,correcto
hamming,16,128,136,0.0625,0.0,0,correcto
hamming,16,128,136,0.0625,0.0,0,correcto
hamming,16,128,136,0.0625,0.0,0,correcto
hamming,16,128,136,0.0625,0.0,0,correcto
hamming,16,128,136,0.0625,0.0,0,correcto
hamming,16,128,136,0.0625,0.0,0,correcto
hamming,16,128,136,0.0625,0.0,0,correcto
hamming,16,128,136,0.0625,0.0,0,correcto
hamming,16,128,136,0.0625,0.0,0,correcto
hamming,16,128,136,0.0625,0.0,0,correcto
hamming,16,128,136,0.0625,0.0,0,correcto
hamming,16,128,136,0.0625,0.0,0,correcto
hamming,16,128,136,0.0625,0.0,0,correcto
hamming,16,128,136,0.0625,0.0,0,correcto
hamming,16,128,136,0.0625,0.0,0,correcto
hamming,16,128,136,0.0625,0.0,0,correcto
hamming,16,128,136,0.0625,0.0,0,correcto
hamming,16,128,136,0.0625,0.0,0,correcto
hamming,16,128,136,0.0625,0.0005,0,correcto
hamming,16,128,136,0.0625,0.0005,0,correcto
hamming,16,128,136,0.0625,0.0005,0,correcto
hamming,16,128,136,0.0625,0.0005,0,correcto
hamming,16,128,136,0.0625,0.0005,0,correcto
hamming,16,128,136,0.0625,0.0005,0,correcto
hamming,16,128,136,0.0625,0.0005,0,correcto
hamming,16,128,136,0.0625,0.0005,0,correcto
hamming,16,128,136,0.0625,0.0005,0,correcto
hamming,16,128,136,0.0625,0.0005,0,correcto
hamming,16,128,136,0.0625,0.0005,0,correcto
hamming,16,128,136,0.0625,0.0005,0,correcto
hamming,16,128,136,0.0625,0.0005,0,correcto
hamming,16,128,136,0.0625,0.0005,0,correcto
hamming,16,128,136,0.0625,0.0005,0,correcto
hamming,16,128,136,0.0625,0.0005,0,correcto
hamming,16,128,136,0.0625,0.0005,0,correcto
hamming,16,128,136,0.0625,0.0005,0,correcto
hamming,16,128,136,0.0625,0.0005,0,correcto
hamming,16,128,136,0.0625,0.0005,0,correcto
hamming,16,128,136,0.0625,0.0005,0,correcto
hamming,16,128,136,0.0625,0.0005,0,correcto
hamming,16,128,136,0.0625,0.0005,0,correcto
hamming,16,128,136,0.0625,0.0005,0,correcto
hamming,16,128,136,0.0625,0.0005,0,correcto
hamming,16,128,136,0.0625,0.0005,0,correcto
hamming,16,128,136,0.0625,0.0005,0,correcto
hamming,16,128,136,0.0625,0.0005,0,correcto
hamming,16,128,136,0.0625,0.0005,0,correcto
hamming,16,128,136,0.0625,0.0005,0,correcto
hamming,16,128,136,0.0625,0.0005,0,correcto
hamming,16,128,136,0.0625,0.0005,0,correcto
hamming,16,128,136,0.0625,0.0005,0,correcto
hamming,16,128,136,0.0625,0.0005,0,correcto
hamming,16,128,136,0.0625,0.0005,0,correcto
hamming,16,128,136,0.0625,0.0005,0,correcto
hamming,16,128,136,0.0625,0.0005,0,correcto
hamming,16,128,136,0.0625,0.0005,0,correcto
hamming,16,128,136,0.0625,0.0005,0,correcto
hamming,16,128,136,0.0625,0.0005,0,correcto
hamming,16,128,136,0.0625,0.0005,0,correcto
hamming,16,128,136,0.0625,0.0005,0,correcto
hamming,16,128,136,0.0625,0.0005,0,correcto
hamming,16,128,136,0.0625,0.0005,0,correcto
hamming,16,128,136,0.0625,0.0005,0,correcto
hamming,16,128,136,0.0625,0.0005,0,correcto
hamming,16,128,136,0.0625,0.0005,0,correcto
hamming,16,128,136,0.0625,0.0005,0,correcto
hamming,16,128,136,0.0625,0.0005,0,correcto
hamming,16,128,136,0.0625,0.0005,0,correcto
hamming,16,128,136,0.0625,0.0005,0,correcto
hamming,16,128,136,0.0625,0.0005,0,correcto
hamming,16,128,136,0.0625,0.0005,0,correcto
hamming,16,128,136,0.0625,0.0005,0,correcto
hamming,16,128,136,0.0625,0.0005,0,correcto
hamming,16,128,136,0.0625,0.0005,0,correcto
hamming,16,128,136,0.0625,0.0005,0,correcto
hamming,16,128,136,0.0625,0.0005,0,correcto
hamming,16,128,136,0.0625,0.0005,0,correcto
hamming,16,128,136,0.0625,0.0005,0,correcto
hamming,16,128,136,0.0625,0.0005,0,correcto
hamming,16,128,136,0.0625,0.0005,0,correcto
hamming,16,128,136,0.0625,0.0005,0,correcto
hamming,16,128,136,0.0625,0.0005,0,correcto
hamming,16,128,136,0.0625,0.0005,0,correcto
hamming,16,128,136,0.0625,0.0005,0,correcto
hamming,16,128,136,0.0625,0.0005,0,correcto
hamming,16,128,136,0.0625,0.0005,0,correcto
hamming,16,128,136,0.0625,0.0005,0,correcto
hamming,16,128,136,0.0625,0.0005,0,correcto
hamming,16,128,136,0.0625,0.0005,0,correcto
hamming,16,128,136,0.0625,0.0005,0,correcto
hamming,16,128,136,0.0625,0.0005,0,correcto
hamming,16,128,136,0.0625,0.0005,0,correcto
hamming,16,128,136,0.0625,0.0005,0,correcto
hamming,16,128,136,0.0625,0.0005,0,correcto
hamming,16,128,136,0.0625,0.0005,0,correcto
hamming,16,128,136,0.0625,0.0005,1,correcto
hamming,16,128,136,0.0625,0.0005,0,correcto
hamming,16,128,136,0.0625,0.0005,1,correcto
hamming,16,128,136,0.0625,0.0005,0,correcto
hamming,16,128,136,0.0625,0.0005,0,correcto
hamming,16,128,136,0.0625,0.0005,0,correcto
hamming,16,128,136,0.0625,0.0005,0,correcto
hamming,16,128,136,0.0625,0.0005,0,correcto
hamming,16,128,136,0.0625,0.0005,1,correcto
hamming,16,128,136,0.0625,0.0005,0,correcto
hamming,16,128,136,0.0625,0.0005,0,correcto
hamming,16,128,136,0.0625,0.0005,0,correcto
hamming,16,128,136,0.0625,0.0005,1,correcto
hamming,16,128,136,0.0625,0.0005,0,correcto
hamming,16,128,136,0.0625,0.0005,0,correcto
hamming,16,128,136,0.0625,0.0005,0,correcto
hamming,16,128,136,0.0625,0.0005,0,correcto
hamming,16,128,136,0.0625,0.0005,0,correcto
hamming,16,128,136,0.0625,0.0005,1,correcto
hamming,16,128,136,0.0625,0.0005,0,correcto
hamming,16,128,136,0.0625,0.0005,0,correcto
hamming,16,128,136,0.0625,0.0005,0,correcto
hamming,16,128,136,0.0625,0.0005,0,correcto
hamming,16,128,136,0.0625,0.001,0,correcto
hamming,16,128,136,0.0625,0.001,1,correcto
hamming,16,128,136,0.0625,0.001,0,correcto
hamming,16,128,136,0.0625,0.001,0,correcto
hamming,16,128,136,0.0625,0.001,0,correcto
hamming,16,128,136,0.0625,0.001,1,correcto
hamming,16,128,136,0.0625,0.001,0,correcto
hamming,16,128,136,0.0625,0.001,0,correcto
hamming,16,128,136,0.0625,0.001,0,correcto
hamming,16,128,136,0.0625,0.001,0,correcto
hamming,16,128,136,0.0625,0.001,0,correcto
hamming,16,128,136,0.0625,0.001,1,correcto
hamming,16,128,136,0.0625,0.001,0,correcto
hamming,16,128,136,0.0625,0.001,0,correcto
hamming,16,128,136,0.0625,0.001,0,correcto
hamming,16,128,136,0.0625,0.001,0,correcto
hamming,16,128,136,0.0625,0.001,0,correcto
hamming,16,128,136,0.0625,0.001,0,correcto
hamming,16,128,136,0.0625,0.001,0,correcto
hamming,16,128,136,0.0625,0.001,0,correcto
hamming,16,128,136,0.0625,0.001,0,correcto
hamming,16,128,136,0.0625,0.001,0,correcto
hamming,16,128,136,0.0625,0.001,1,correcto
hamming,16,128,136,0.0625,0.001,0,correcto
hamming,16,128,136,0.0625,0.001,1,correcto
hamming,16,128,136,0.0625,0.001,0,correcto
hamming,16,128,136,0.0625,0.001,0,correcto
hamming,16,128,136,0.0625,0.001,1,correcto
hamming,16,128,136,0.0625,0.001,0,correcto
hamming,16,128,136,0.0625,0.001,0,correcto
hamming,16,128,136,0.0625,0.001,0,correcto
hamming,16,128,136,0.0625,0.001,0,correcto
hamming,16,128,136,0.0625,0.001,0,correcto
hamming,16,128,136,0.0625,0.001,1,correcto
hamming,16,128,136,0.0625,0.001,0,correcto
hamming,16,128,136,0.0625,0.001,0,correcto
hamming,16,128,136,0.0625,0.001,0,correcto
hamming,16,128,136,0.0625,0.001,1,correcto
hamming,16,128,136,0.0625,0.001,0,correcto
hamming,16,128,136,0.0625,0.001,0,correcto
hamming,16,128,136,0.0625,0.001,0,correcto
hamming,16,128,136,0.0625,0.001,0,correcto
hamming,16,128,136,0.0625,0.001,0,correcto
hamming,16,128,136,0.0625,0.001,0,correcto
hamming,16,128,136,0.0625,0.001,0,correcto
hamming,16,128,136,0.0625,0.001,0,correcto
hamming,16,128,136,0.0625,0.001,0,correcto
hamming,16,128,136,0.0625,0.001,0,correcto
hamming,16,128,136,0.0625,0.001,0,correcto
hamming,16,128,136,0.0625,0.001,1,correcto
hamming,16,128,136,0.0625,0.001,0,correcto
hamming,16,128,136,0.0625,0.001,0,correcto
hamming,16,128,136,0.0625,0.001,0,correcto
hamming,16,128,136,0.0625,0.001,0,correcto
hamming,16,128,136,0.0625,0.001,0,correcto
hamming,16,128,136,0.0625,0.001,0,correcto
hamming,16,128,136,0.0625,0.001,0,correcto
hamming,16,128,136,0.0625,0.001,0,correcto
hamming,16,128,136,0.0625,0.001,0,correcto
hamming,16,128,136,0.0625,0.001,1,correcto
hamming,16,128,136,0.0625,0.001,0,correcto
hamming,16,128,136,0.0625,0.001,0,correcto
hamming,16,128,136,0.0625,0.001,0,correcto
hamming,16,128,136,0.0625,0.001,0,correcto
hamming,16,128,136,0.0625,0.001,0,correcto
hamming,16,128,136,0.0625,0.001,0,correcto
hamming,16,128,136,0.0625,0.001,0,correcto
hamming,16,128,136,0.0625,0.001,0,correcto
hamming,16,128,136,0.0625,0.001,0,correcto
hamming,16,128,136,0.0625,0.001,0,correcto
hamming,16,128,136,0.0625,0.001,0,correcto
hamming,16,128,136,0.0625,0.001,0,correcto
hamming,16,128,136,0.0625,0.001,1,correcto
hamming,16,128,136,0.0625,0.001,0,correcto
hamming,16,128,136,0.0625,0.001,0,correcto
hamming,16,128,136,0.0625,0.001,0,correcto
hamming,16,128,136,0.0625,0.001,0,correcto
hamming,16,128,136,0.0625,0.001,0,correcto
hamming,16,128,136,0.0625,0.001,0,correcto
hamming,16,128,136,0.0625,0.001,0,correcto
hamming,16,128,136,0.0625,0.001,0,correcto
hamming,16,128,136,0.0625,0.001,0,correcto
hamming,16,128,136,0.0625,0.001,0,correcto
hamming,16,128,136,0.0625,0.001,0,correcto
hamming,16,128,136,0.0625,0.001,0,correcto
hamming,16,128,136,0.0625,0.001,0,correcto
hamming,16,128,136,0.0625,0.001,0,correcto
hamming,16,128,136,0.0625,0.001,0,correcto
hamming,16,128,136,0.0625,0.001,1,correcto
hamming,16,128,136,0.0625,0.001,0,correcto
hamming,16,128,136,0.0625,0.001,0,correcto
hamming,16,128,136,0.0625,0.001,0,correcto
hamming,16,128,136,0.0625,0.001,0,correcto
hamming,16,128,136,0.0625,0.001,0,correcto
hamming,16,128,136,0.0625,0.001,0,correcto
hamming,16,128,136,0.0625,0.001,1,correcto
hamming,16,128,136,0.0625,0.001,0,correcto
hamming,16,128,136,0.0625,0.001,0,correcto
hamming,16,128,136,0.0625,0.001,0,correcto
hamming,16,128,136,0.0625,0.001,0,correcto
hamming,16,128,136,0.0625,0.005,0,correcto
hamming,16,128,136,0.0625,0.005,2,no_detectado
hamming,16,128,136,0.0625,0.005,0,correcto
hamming,16,128,136,0.0625,0.005,0,correcto
hamming,16,128,136,0.0625,0.005,3,no_detectado
hamming,16,128,136,0.0625,0.005,1,correcto
hamming,16,128,136,0.0625,0.005,0,correcto
hamming,16,128,136,0.0625,0.005,0,correcto
hamming,16,128,136,0.0625,0.005,2,detectado
hamming,16,128,136,0.0625,0.005,1,correcto
hamming,16,128,136,0.0625,0.005,0,correcto
hamming,16,128,136,0.0625,0.005,0,correcto
hamming,16,128,136,0.0625,0.005,0,correcto
hamming,16,128,136,0.0625,0.005,0,correcto
hamming,16,128,136,0.0625,0.005,0,correcto
hamming,16,128,136,0.0625,0.005,0,correcto
hamming,16,128,136,0.0625,0.005,0,correcto
hamming,16,128,136,0.0625,0.005,0,correcto
hamming,16,128,136,0.0625,0.005,1,correcto
hamming,16,128,136,0.0625,0.005,1,correcto
hamming,16,128,136,0.0625,0.005,0,correcto
hamming,16,128,136,0.0625,0.005,0,correcto
hamming,16,128,136,0.0625,0.005,0,correcto
hamming,16,128,136,0.0625,0.005,1,correcto
hamming,16,128,136,0.0625,0.005,1,correcto
hamming,16,128,136,0.0625,0.005,0,correcto
hamming,16,128,136,0.0625,0.005,1,correcto
hamming,16,128,136,0.0625,0.005,2,no_detectado
hamming,16,128,136,0.0625,0.005,0,correcto
hamming,16,128,136,0.0625,0.005,0,correcto
hamming,16,128,136,0.0625,0.005,0,correcto
hamming,16,128,136,0.0625,0.005,1,correcto
hamming,16,128,136,0.0625,0.005,0,correcto
hamming,16,128,136,0.0625,0.005,0,correcto
hamming,16,128,136,0.0625,0.005,0,correcto
hamming,16,128,136,0.0625,0.005,1,correcto
hamming,16,128,136,0.0625,0.005,1,correcto
hamming,16,128,136,0.0625,0.005,1,correcto
hamming,16,128,136,0.0625,0.005,0,correcto
hamming,16,128,136,0.0625,0.005,0,correcto
hamming,16,128,136,0.0625,0.005,0,correcto
hamming,16,128,136,0.0625,0.005,0,correcto
hamming,16,128,136,0.0625,0.005,0,correcto
hamming,16,128,136,0.0625,0.005,1,correcto
hamming,16,128,136,0.0625,0.005,0,correcto
hamming,16,128,136,0.0625,0.005,0,correcto
hamming,16,128,136,0.0625,0.005,1,correcto
hamming,16,128,136,0.0625,0.005,1,correcto
hamming,16,128,136,0.0625,0.005,0,correcto
hamming,16,128,136,0.0625,0.005,0,correcto
hamming,16,128,136,0.0625,0.005,0,correcto
hamming,16,128,136,0.0625,0.005,1,correcto
hamming,16,128,136,0.0625,0.005,0,correcto
hamming,16,128,136,0.0625,0.005,0,correcto
hamming,16,128,136,0.0625,0.005,1,correcto
hamming,16,128,136,0.0625,0.005,0,correcto
hamming,16,128,136,0.0625,0.005,1,correcto
hamming,16,128,136,0.0625,0.005,0,correcto
hamming,16,128,136,0.0625,0.005,0,correcto
hamming,16,128,136,0.0625,0.005,0,correcto
hamming,16,128,136,0.0625,0.005,0,correcto
hamming,16,128,136,0.0625,0.005,2,detectado
hamming,16,128,136,0.0625,0.005,0,correcto
hamming,16,128,136,0.0625,0.005,0,correcto
hamming,16,128,136,0.0625,0.005,3,detectado
hamming,16,128,136,0.0625,0.005,2,no_detectado
hamming,16,128,136,0.0625,0.005,0,correcto
hamming,16,128,136,0.0625,0.005,2,detectado
hamming,16,128,136,0.0625,0.005,1,correcto
hamming,16,128,136,0.0625,0.005,0,correcto
hamming,16,128,136,0.0625,0.005,0,correcto
hamming,16,128,136,0.0625,0.005,1,correcto
hamming,16,128,136,0.0625,0.005,0,correcto
hamming,16,128,136,0.0625,0.005,0,correcto
hamming,16,128,136,0.0625,0.005,1,correcto
hamming,16,128,136,0.0625,0.005,0,correcto
hamming,16,128,136,0.0625,0.005,2,detectado
hamming,16,128,136,0.0625,0.005,0,correcto
hamming,16,128,136,0.0625,0.005,2,detectado
hamming,16,128,136,0.0625,0.005,0,correcto
hamming,16,128,136,0.0625,0.005,2,no_detectado
hamming,16,128,136,0.0625,0.005,0,correcto
hamming,16,128,136,0.0625,0.005,1,correcto
hamming,16,128,136,0.0625,0.005,2,detectado
hamming,16,128,136,0.0625,0.005,2,detectado
hamming,16,128,136,0.0625,0.005,0,correcto
hamming,16,128,136,0.0625,0.005,1,correcto
hamming,16,128,136,0.0625,0.005,1,correcto
hamming,16,128,136,0.0625,0.005,1,correcto
hamming,16,128,136,0.0625,0.005,0,correcto
hamming,16,128,136,0.0625,0.005,2,detectado
hamming,16,128,136,0.0625,0.005,1,correcto
hamming,16,128,136,0.0625,0.005,2,no_detectado
hamming,16,128,136,0.0625,0.005,1,correcto
hamming,16,128,136,0.0625,0.005,0,correcto
hamming,16,128,136,0.0625,0.005,0,correcto
hamming,16,128,136,0.0625,0.005,0,correcto
hamming,16,128,136,0.0625,0.005,1,correcto
hamming,16,128,136,0.0625,0.005,0,correcto
hamming,16,128,136,0.0625,0.005,0,correcto
hamming,16,128,136,0.0625,0.01,2,detectado
hamming,16,128,136,0.0625,0.01,0,correcto
hamming,16,128,136,0.0625,0.01,2,no_detectado
hamming,16,128,136,0.0625,0.01,0,correcto
hamming,16,128,136,0.0625,0.01,3,detectado
hamming,16,128,136,0.0625,0.01,2,no_detectado
hamming,16,128,136,0.0625,0.01,3,detectado
hamming,16,128,136,0.0625,0.01,1,correcto
hamming,16,128,136,0.0625,0.01,2,detectado
hamming,16,128,136,0.0625,0.01,1,correcto
hamming,16,128,136,0.0625,0.01,1,correcto
hamming,16,128,136,0.0625,0.01,1,correcto
hamming,16,128,136,0.0625,0.01,1,correcto
hamming,16,128,136,0.0625,0.01,3,no_detectado
hamming,16,128,136,0.0625,0.01,3,detectado
hamming,16,128,136,0.0625,0.01,2,no_detectado
hamming,16,128,136,0.0625,0.01,2,no_detectado
hamming,16,128,136,0.0625,0.01,0,correcto
hamming,16,128,136,0.0625,0.01,1,correcto
hamming,16,128,136,0.0625,0.01,2,no_detectado
hamming,16,128,136,0.0625,0.01,2,no_detectado
hamming,16,128,136,0.0625,0.01,1,correcto
hamming,16,128,136,0.0625,0.01,1,correcto
hamming,16,128,136,0.0625,0.01,1,correcto
hamming,16,128,136,0.0625,0.01,1,correcto
hamming,16,128,136,0.0625,0.01,1,correcto
hamming,16,128,136,0.0625,0.01,0,correcto
hamming,16,128,136,0.0625,0.01,2,no_detectado
hamming,16,128,136,0.0625,0.01,1,correcto
hamming,16,128,136,0.0625,0.01,2,no_detectado
hamming,16,128,136,0.0625,0.01,2,detectado
hamming,16,128,136,0.0625,0.01,2,no_detectado
hamming,16,128,136,0.0625,0.01,0,correcto
hamming,16,128,136,0.0625,0.01,4,detectado
hamming,16,128,136,0.0625,0.01,0,correcto
hamming,16,128,136,0.0625,0.01,1,correcto
hamming,16,128,136,0.0625,0.01,2,detectado
hamming,16,128,136,0.0625,0.01,1,correcto
hamming,16,128,136,0.0625,0.01,3,no_detectado
hamming,16,128,136,0.0625,0.01,1,correcto
hamming,16,128,136,0.0625,0.01,1,correcto
hamming,16,128,136,0.0625,0.01,1,correcto
hamming,16,128,136,0.0625,0.01,2,detectado
hamming,16,128,136,0.0625,0.01,2,detectado
hamming,16,128,136,0.0625,0.01,1,correcto
hamming,16,128,136,0.0625,0.01,2,no_detectado
hamming,16,128,136,0.0625,0.01,5,detectado
hamming,16,128,136,0.0625,0.01,0,correcto
hamming,16,128,136,0.0625,0.01,4,no_detectado
hamming,16,128,136,0.0625,0.01,3,no_detectado
hamming,16,128,136,0.0625,0.01,2,no_detectado
hamming,16,128,136,0.0625,0.01,1,correcto
hamming,16,128,136,0.0625,0.01,1,correcto
hamming,16,128,136,0.0625,0.01,2,detectado
hamming,16,128,136,0.0625,0.01,2,no_detectado
hamming,16,128,136,0.0625,0.01,2,no_detectado
hamming,16,128,136,0.0625,0.01,1,correcto
hamming,16,128,136,0.0625,0.01,3,no_detectado
hamming,16,128,136,0.0625,0.01,1,correcto
hamming,16,128,136,0.0625,0.01,1,correcto
hamming,16,128,136,0.0625,0.01,2,detectado
hamming,16,128,136,0.0625,0.01,1,correcto
hamming,16,128,136,0.0625,0.01,1,correcto
hamming,16,128,136,0.0625,0.01,1,correcto
hamming,16,128,136,0.0625,0.01,0,correcto
hamming,16,128,136,0.0625,0.01,1,correcto
hamming,16,128,136,0.0625,0.01,1,correcto
hamming,16,128,136,0.0625,0.01,2,no_detectado
hamming,16,128,136,0.0625,0.01,0,correcto
hamming,16,128,136,0.0625,0.01,0,correcto
hamming,16,128,136,0.0625,0.01,1,correcto
hamming,16,128,136,0.0625,0.01,0,correcto
hamming,16,128,136,0.0625,0.01,2,detectado
hamming,16,128,136,0.0625,0.01,2,detectado
hamming,16,128,136,0.0625,0.01,2,no_detectado
hamming,16,128,136,0.0625,0.01,2,no_detectado
hamming,16,128,136,0.0625,0.01,1,correcto
hamming,16,128,136,0.0625,0.01,1,correcto
hamming,16,128,136,0.0625,0.01,0,correcto
hamming,16,128,136,0.0625,0.01,1,correcto
hamming,16,128,136,0.0625,0.01,1,correcto
hamming,16,128,136,0.0625,0.01,0,correcto
hamming,16,128,136,0.0625,0.01,2,detectado
hamming,16,128,136,0.0625,0.01,1,correcto
hamming,16,128,136,0.0625,0.01,1,correcto
hamming,16,128,136,0.0625,0.01,0,correcto
hamming,16,128,136,0.0625,0.01,0,correcto
hamming,16,128,136,0.0625,0.01,2,no_detectado
hamming,16,128,136,0.0625,0.01,2,no_detectado
hamming,16,128,136,0.0625,0.01,2,no_detectado
hamming,16,128,136,0.0625,0.01,1,correcto
hamming,16,128,136,0.0625,0.01,2,no_detectado
hamming,16,128,136,0.0625,0.01,2,no_detectado
hamming,16,128,136,0.0625,0.01,1,correcto
hamming,16,128,136,0.0625,0.01,4,detectado
hamming,16,128,136,0.0625,0.01,0,correcto
hamming,16,128,136,0.0625,0.01,1,correcto
hamming,16,128,136,0.0625,0.01,0,correcto
hamming,16,128,136,0.0625,0.01,0,correcto
hamming,16,128,136,0.0625,0.01,1,correcto
hamming,16,128,136,0.0625,0.02,2,no_detectado
hamming,16,128,136,0.0625,0.02,2,no_detectado
hamming,16,128,136,0.0625,0.02,0,correcto
hamming,16,128,136,0.0625,0.02,3,detectado
hamming,16,128,136,0.0625,0.02,3,no_detectado
hamming,16,128,136,0.0625,0.02,1,correcto
hamming,16,128,136,0.0625,0.02,3,detectado
hamming,16,128,136,0.0625,0.02,2,detectado
hamming,16,128,136,0.0625,0.02,2,no_detectado
hamming,16,128,136,0.0625,0.02,3,detectado
hamming,16,128,136,0.0625,0.02,5,no_detectado
hamming,16,128,136,0.0625,0.02,1,correcto
hamming,16,128,136,0.0625,0.02,6,detectado
hamming,16,128,136,0.0625,0.02,2,no_detectado
hamming,16,128,136,0.0625,0.02,3,detectado
hamming,16,128,136,0.0625,0.02,8,detectado
hamming,16,128,136,0.0625,0.02,2,detectado
hamming,16,128,136,0.0625,0.02,2,detectado
hamming,16,128,136,0.0625,0.02,7,detectado
hamming,16,128,136,0.0625,0.02,4,detectado
hamming,16,128,136,0.0625,0.02,4,detectado
hamming,16,128,136,0.0625,0.02,3,detectado
hamming,16,128,136,0.0625,0.02,2,detectado
hamming,16,128,136,0.0625,0.02,2,detectado
hamming,16,128,136,0.0625,0.02,2,detectado
hamming,16,128,136,0.0625,0.02,0,correcto
hamming,16,128,136,0.0625,0.02,1,correcto
hamming,16,128,136,0.0625,0.02,3,detectado
hamming,16,128,136,0.0625,0.02,5,no_detectado
hamming,16,128,136,0.0625,0.02,1,correcto
hamming,16,128,136,0.0625,0.02,1,correcto
hamming,16,128,136,0.0625,0.02,2,detectado
hamming,16,128,136,0.0625,0.02,2,no_detectado
hamming,16,128,136,0.0625,0.02,2,no_detectado
hamming,16,128,136,0.0625,0.02,0,correcto
hamming,16,128,136,0.0625,0.02,2,no_detectado
hamming,16,128,136,0.0625,0.02,4,detectado
hamming,16,128,136,0.0625,0.02,4,no_detectado
hamming,16,128,136,0.0625,0.02,2,no_detectado
hamming,16,128,136,0.0625,0.02,3,detectado
hamming,16,128,136,0.0625,0.02,5,no_detectado
hamming,16,128,136,0.0625,0.02,1,correcto
hamming,16,128,136,0.0625,0.02,1,correcto
hamming,16,128,136,0.0625,0.02,2,no_detectado
hamming,16,128,136,0.0625,0.02,2,detectado
hamming,16,128,136,0.0625,0.02,2,no_detectado
hamming,16,128,136,0.0625,0.02,5,no_detectado
hamming,16,128,136,0.0625,0.02,1,correcto
hamming,16,128,136,0.0625,0.02,1,correcto
hamming,16,128,136,0.0625,0.02,2,no_detectado
hamming,16,128,136,0.0625,0.02,5,detectado
hamming,16,128,136,0.0625,0.02,2,no_detectado
hamming,16,128,136,0.0625,0.02,4,no_detectado
hamming,16,128,136,0.0625,0.02,5,detectado
hamming,16,128,136,0.0625,0.02,5,detectado
hamming,16,128,136,0.0625,0.02,3,detectado
hamming,16,128,136,0.0625,0.02,3,no_detectado
hamming,16,128,136,0.0625,0.02,2,no_detectado
hamming,16,128,136,0.0625,0.02,1,correcto
hamming,16,128,136,0.0625,0.02,2,detectado
hamming,16,128,136,0.0625,0.02,2,detectado
hamming,16,128,136,0.0625,0.02,2,no_detectado
hamming,16,128,136,0.0625,0.02,0,correcto
hamming,16,128,136,0.0625,0.02,6,detectado
hamming,16,128,136,0.0625,0.02,0,correcto
hamming,16,128,136,0.0625,0.02,2,detectado
hamming,16,128,136,0.0625,0.02,5,no_detectado
hamming,16,128,136,0.0625,0.02,2,no_detectado
hamming,16,128,136,0.0625,0.02,2,detectado
hamming,16,128,136,0.0625,0.02,3,no_detectado
hamming,16,128,136,0.0625,0.02,4,no_detectado
hamming,16,128,136,0.0625,0.02,1,correcto
hamming,16,128,136,0.0625,0.02,3,no_detectado
hamming,16,128,136,0.0625,0.02,3,detectado
hamming,16,128,136,0.0625,0.02,4,detectado
hamming,16,128,136,0.0625,0.02,7,no_detectado
hamming,16,128,136,0.0625,0.02,2,no_detectado
hamming,16,128,136,0.0625,0.02,3,detectado
hamming,16,128,136,0.0625,0.02,4,detectado
hamming,16,128,136,0.0625,0.02,3,detectado
hamming,16,128,136,0.0625,0.02,1,correcto
hamming,16,128,136,0.0625,0.02,3,detectado
hamming,16,128,136,0.0625,0.02,2,no_detectado
hamming,16,128,136,0.0625,0.02,4,detectado
hamming,16,128,136,0.0625,0.02,1,correcto
hamming,16,128,136,0.0625,0.02,5,detectado
hamming,16,128,136,0.0625,0.02,5,no_detectado
hamming,16,128,136,0.0625,0.02,2,detectado
hamming,16,128,136,0.0625,0.02,4,no_detectado
hamming,16,128,136,0.0625,0.02,5,detectado
hamming,16,128,136,0.0625,0.02,1,correcto
hamming,16,128,136,0.0625,0.02,4,detectado
hamming,16,128,136,0.0625,0.02,4,no_detectado
hamming,16,128,136,0.0625,0.02,6,no_detectado
hamming,16,128,136,0.0625,0.02,6,detectado
hamming,16,128,136,0.0625,0.02,1,correcto
hamming,16,128,136,0.0625,0.02,0,correcto
hamming,16,128,136,0.0625,0.02,6,no_detectado
hamming,16,128,136,0.0625,0.02,2,no_detectado
hamming,16,128,136,0.0625,0.02,1,correcto
hamming,16,128,136,0.0625,0.05,9,detectado
hamming,16,128,136,0.0625,0.05,6,detectado
hamming,16,128,136,0.0625,0.05,4,no_detectado
hamming,16,128,136,0.0625,0.05,2,detectado
hamming,16,128,136,0.0625,0.05,9,detectado
hamming,16,128,136,0.0625,0.05,5,no_detectado
hamming,16,128,136,0.0625,0.05,9,detectado
hamming,16,128,136,0.0625,0.05,5,no_detectado
hamming,16,128,136,0.0625,0.05,8,no_detectado
hamming,16,128,136,0.0625,0.05,6,detectado
hamming,16,128,136,0.0625,0.05,5,detectado
hamming,16,128,136,0.0625,0.05,10,no_detectado
hamming,16,128,136,0.0625,0.05,8,detectado
hamming,16,128,136,0.0625,0.05,7,no_detectado
hamming,16,128,136,0.0625,0.05,3,detectado
hamming,16,128,136,0.0625,0.05,5,detectado
hamming,16,128,136,0.0625,0.05,10,detectado
hamming,16,128,136,0.0625,0.05,9,detectado
hamming,16,128,136,0.0625,0.05,2,no_detectado
hamming,16,128,136,0.0625,0.05,5,detectado
hamming,16,128,136,0.0625,0.05,9,detectado
hamming,16,128,136,0.0625,0.05,8,detectado
hamming,16,128,136,0.0625,0.05,7,detectado
hamming,16,128,136,0.0625,0.05,2,no_detectado
hamming,16,128,136,0.0625,0.05,3,detectado
hamming,16,128,136,0.0625,0.05,7,detectado
hamming,16,128,136,0.0625,0.05,7,detectado
hamming,16,128,136,0.0625,0.05,7,detectado
hamming,16,128,136,0.0625,0.05,10,no_detectado
hamming,16,128,136,0.0625,0.05,4,detectado
hamming,16,128,136,0.0625,0.05,10,detectado
hamming,16,128,136,0.0625,0.05,6,detectado
hamming,16,128,136,0.0625,0.05,5,no_detectado
hamming,16,128,136,0.0625,0.05,5,detectado
hamming,16,128,136,0.0625,0.05,6,detectado
hamming,16,128,136,0.0625,0.05,10,detectado
hamming,16,128,136,0.0625,0.05,8,no_detectado
hamming,16,128,136,0.0625,0.05,3,detectado
hamming,16,128,136,0.0625,0.05,3,detectado
hamming,16,128,136,0.0625,0.05,3,detectado
hamming,16,128,136,0.0625,0.05,6,detectado
hamming,16,128,136,0.0625,0.05,9,no_detectado
hamming,16,128,136,0.0625,0.05,13,detectado
hamming,16,128,136,0.0625,0.05,10,detectado
hamming,16,128,136,0.0625,0.05,7,detectado
hamming,16,128,136,0.0625,0.05,5,detectado
hamming,16,128,136,0.0625,0.05,6,detectado
hamming,16,128,136,0.0625,0.05,13,detectado
hamming,16,128,136,0.0625,0.05,4,no_detectado
hamming,16,128,136,0.0625,0.05,8,detectado
hamming,16,128,136,0.0625,0.05,8,no_detectado
hamming,16,128,136,0.0625,0.05,10,detectado
hamming,16,128,136,0.0625,0.05,7,no_detectado
hamming,16,128,136,0.0625,0.05,8,detectado
hamming,16,128,136,0.0625,0.05,4,detectado
hamming,16,128,136,0.0625,0.05,4,detectado
hamming,16,128,136,0.0625,0.05,4,detectado
hamming,16,128,136,0.0625,0.05,5,detectado
hamming,16,128,136,0.0625,0.05,6,no_detectado
hamming,16,128,136,0.0625,0.05,3,no_detectado
hamming,16,128,136,0.0625,0.05,8,detectado
hamming,16,128,136,0.0625,0.05,6,detectado
hamming,16,128,136,0.0625,0.05,4,no_detectado
hamming,16,128,136,0.0625,0.05,6,detectado
hamming,16,128,136,0.0625,0.05,7,detectado
hamming,16,128,136,0.0625,0.05,5,no_detectado
hamming,16,128,136,0.0625,0.05,6,detectado
hamming,16,128,136,0.0625,0.05,6,detectado
hamming,16,128,136,0.0625,0.05,6,detectado
hamming,16,128,136,0.0625,0.05,13,detectado
hamming,16,128,136,0.0625,0.05,7,detectado
hamming,16,128,136,0.0625,0.05,6,detectado
hamming,16,128,136,0.0625,0.05,3,no_detectado
hamming,16,128,136,0.0625,0.05,7,no_detectado
hamming,16,128,136,0.0625,0.05,12,detectado
hamming,16,128,136,0.0625,0.05,6,detectado
hamming,16,128,136,0.0625,0.05,6,no_detectado
hamming,16,128,136,0.0625,0.05,3,no_detectado
hamming,16,128,136,0.0625,0.05,6,detectado
hamming,16,128,136,0.0625,0.05,12,detectado
hamming,16,128,136,0.0625,0.05,6,no_detectado
hamming,16,128,136,0.0625,0.05,5,no_detectado
hamming,16,128,136,0.0625,0.05,6,detectado
hamming,16,128,136,0.0625,0.05,10,detectado
hamming,16,128,136,0.0625,0.05,2,no_detectado
hamming,16,128,136,0.0625,0.05,9,detectado
hamming,16,128,136,0.0625,0.05,7,detectado
hamming,16,128,136,0.0625,0.05,7,detectado
hamming,16,128,136,0.0625,0.05,4,detectado
hamming,16,128,136,0.0625,0.05,6,detectado
hamming,16,128,136,0.0625,0.05,6,detectado
hamming,16,128,136,0.0625,0.05,7,no_detectado
hamming,16,128,136,0.0625,0.05,5,detectado
hamming,16,128,136,0.0625,0.05,6,detectado
hamming,16,128,136,0.0625,0.05,11,detectado
hamming,16,128,136,0.0625,0.05,7,detectado
hamming,16,128,136,0.0625,0.05,13,no_detectado
hamming,16,128,136,0.0625,0.05,8,detectado
hamming,16,128,136,0.0625,0.05,12,detectado
hamming,16,128,136,0.0625,0.05,8,detectado
hamming,64,512,522,0.0195,0.0,0,correcto
hamming,64,512,522,0.0195,0.0,0,correcto
hamming,64,512,522,0.0195,0.0,0,correcto
hamming,64,512,522,0.0195,0.0,0,correcto
hamming,64,512,522,0.0195,0.0,0,correcto
hamming,64,512,522,0.0195,0.0,0,correcto
hamming,64,512,522,0.0195,0.0,0,correcto
hamming,64,512,522,0.0195,0.0,0,correcto
hamming,64,512,522,0.0195,0.0,0,correcto
hamming,64,512,522,0.0195,0.0,0,correcto
hamming,64,512,522,0.0195,0.0,0,correcto
hamming,64,512,522,0.0195,0.0,0,correcto
hamming,64,512,522,0.0195,0.0,0,correcto
hamming,64,512,522,0.0195,0.0,0,correcto
hamming,64,512,522,0.0195,0.0,0,correcto
hamming,64,512,522,0.0195,0.0,0,correcto
hamming,64,512,522,0.0195,0.0,0,correcto
hamming,64,512,522,0.0195,0.0,0,correcto
hamming,64,512,522,0.0195,0.0,0,correcto
hamming,64,512,522,0.0195,0.0,0,correcto
hamming,64,512,522,0.0195,0.0,0,correcto
hamming,64,512,522,0.0195,0.0,0,correcto
hamming,64,512,522,0.0195,0.0,0,correcto
hamming,64,512,522,0.0195,0.0,0,correcto
hamming,64,512,522,0.0195,0.0,0,correcto
hamming,64,512,522,0.0195,0.0,0,correcto
hamming,64,512,522,0.0195,0.0,0,correcto
hamming,64,512,522,0.0195,0.0,0,correcto
hamming,64,512,522,0.0195,0.0,0,correcto
hamming,64,512,522,0.0195,0.0,0,correcto
hamming,64,512,522,0.0195,0.0,0,correcto
hamming,64,512,522,0.0195,0.0,0,correcto
hamming,64,512,522,0.0195,0.0,0,correcto
hamming,64,512,522,0.0195,0.0,0,correcto
hamming,64,512,522,0.0195,0.0,0,correcto
hamming,64,512,522,0.0195,0.0,0,correcto
hamming,64,512,522,0.0195,0.0,0,correcto
hamming,64,512,522,0.0195,0.0,0,correcto
hamming,64,512,522,0.0195,0.0,0,correcto
hamming,64,512,522,0.0195,0.0,0,correcto
hamming,64,512,522,0.0195,0.0,0,correcto
hamming,64,512,522,0.0195,0.0,0,correcto
hamming,64,512,522,0.0195,0.0,0,correcto
hamming,64,512,522,0.0195,0.0,0,correcto
hamming,64,512,522,0.0195,0.0,0,correcto
hamming,64,512,522,0.0195,0.0,0,correcto
hamming,64,512,522,0.0195,0.0,0,correcto
hamming,64,512,522,0.0195,0.0,0,correcto
hamming,64,512,522,0.0195,0.0,0,correcto
hamming,64,512,522,0.0195,0.0,0,correcto
hamming,64,512,522,0.0195,0.0,0,correcto
hamming,64,512,522,0.0195,0.0,0,correcto
hamming,64,512,522,0.0195,0.0,0,correcto
hamming,64,512,522,0.0195,0.0,0,correcto
hamming,64,512,522,0.0195,0.0,0,correcto
hamming,64,512,522,0.0195,0.0,0,correcto
hamming,64,512,522,0.0195,0.0,0,correcto
hamming,64,512,522,0.0195,0.0,0,correcto
hamming,64,512,522,0.0195,0.0,0,correcto
hamming,64,512,522,0.0195,0.0,0,correcto
hamming,64,512,522,0.0195,0.0,0,correcto
hamming,64,512,522,0.0195,0.0,0,correcto
hamming,64,512,522,0.0195,0.0,0,correcto
hamming,64,512,522,0.0195,0.0,0,correcto
hamming,64,512,522,0.0195,0.0,0,correcto
hamming,64,512,522,0.0195,0.0,0,correcto
hamming,64,512,522,0.0195,0.0,0,correcto
hamming,64,512,522,0.0195,0.0,0,correcto
hamming,64,512,522,0.0195,0.0,0,correcto
hamming,64,512,522,0.0195,0.0,0,correcto
hamming,64,512,522,0.0195,0.0,0,correcto
hamming,64,512,522,0.0195,0.0,0,correcto
hamming,64,512,522,0.0195,0.0,0,correcto
hamming,64,512,522,0.0195,0.0,0,correcto
hamming,64,512,522,0.0195,0.0,0,correcto
hamming,64,512,522,0.0195,0.0,0,correcto
hamming,64,512,522,0.0195,0.0,0,correcto
hamming,64,512,522,0.0195,0.0,0,correcto
hamming,64,512,522,0.0195,0.0,0,correcto
hamming,64,512,522,0.0195,0.0,0,correcto
hamming,64,512,522,0.0195,0.0,0,correcto
hamming,64,512,522,0.0195,0.0,0,correcto
hamming,64,512,522,0.0195,0.0,0,correcto
hamming,64,512,522,0.0195,0.0,0,correcto
hamming,64,512,522,0.0195,0.0,0,correcto
hamming,64,512,522,0.0195,0.0,0,correcto
hamming,64,512,522,0.0195,0.0,0,correcto
hamming,64,512,522,0.0195,0.0,0,correcto
hamming,64,512,522,0.0195,0.0,0,correcto
hamming,64,512,522,0.0195,0.0,0,correcto
hamming,64,512,522,0.0195,0.0,0,correcto
hamming,64,512,522,0.0195,0.0,0,correcto
hamming,64,512,522,0.0195,0.0,0,correcto
hamming,64,512,522,0.0195,0.0,0,correcto
hamming,64,512,522,0.0195,0.0,0,correcto
hamming,64,512,522,0.0195,0.0,0,correcto
hamming,64,512,522,0.0195,0.0,0,correcto
hamming,64,512,522,0.0195,0.0,0,correcto
hamming,64,512,522,0.0195,0.0,0,correcto
hamming,64,512,522,0.0195,0.0,0,correcto
hamming,64,512,522,0.0195,0.0005,0,correcto
hamming,64,512,522,0.0195,0.0005,0,correcto
hamming,64,512,522,0.0195,0.0005,0,correcto
hamming,64,512,522,0.0195,0.0005,0,correcto
hamming,64,512,522,0.0195,0.0005,0,correcto
hamming,64,512,522,0.0195,0.0005,1,correcto
hamming,64,512,522,0.0195,0.0005,0,correcto
hamming,64,512,522,0.0195,0.0005,0,correcto
hamming,64,512,522,0.0195,0.0005,1,correcto
hamming,64,512,522,0.0195,0.0005,0,correcto
hamming,64,512,522,0.0195,0.0005,0,correcto
hamming,64,512,522,0.0195,0.0005,0,correcto
hamming,64,512,522,0.0195,0.0005,1,correcto
hamming,64,512,522,0.0195,0.0005,0,correcto
hamming,64,512,522,0.0195,0.0005,2,no_detectado
hamming,64,512,522,0.0195,0.0005,0,correcto
hamming,64,512,522,0.0195,0.0005,0,correcto
hamming,64,512,522,0.0195,0.0005,1,correcto
hamming,64,512,522,0.0195,0.0005,0,correcto
hamming,64,512,522,0.0195,0.0005,2,no_detectado
hamming,64,512,522,0.0195,0.0005,0,correcto
hamming,64,512,522,0.0195,0.0005,0,correcto
hamming,64,512,522,0.0195,0.0005,0,correcto
hamming,64,512,522,0.0195,0.0005,1,correcto
hamming,64,512,522,0.0195,0.0005,0,correcto
hamming,64,512,522,0.0195,0.0005,1,correcto
hamming,64,512,522,0.0195,0.0005,1,correcto
hamming,64,512,522,0.0195,0.0005,0,correcto
hamming,64,512,522,0.0195,0.0005,0,correcto
hamming,64,512,522,0.0195,0.0005,0,correcto
hamming,64,512,522,0.0195,0.0005,0,correcto
hamming,64,512,522,0.0195,0.0005,1,correcto
hamming,64,512,522,0.0195,0.0005,0,correcto
hamming,64,512,522,0.0195,0.0005,0,correcto
hamming,64,512,522,0.0195,0.0005,0,correcto
hamming,64,512,522,0.0195,0.0005,0,correcto
hamming,64,512,522,0.0195,0.0005,0,correcto
hamming,64,512,522,0.0195,0.0005,0,correcto
hamming,64,512,522,0.0195,0.0005,0,correcto
hamming,64,512,522,0.0195,0.0005,0,correcto
hamming,64,512,522,0.0195,0.0005,0,correcto
hamming,64,512,522,0.0195,0.0005,0,correcto
hamming,64,512,522,0.0195,0.0005,0,correcto
hamming,64,512,522,0.0195,0.0005,0,correcto
hamming,64,512,522,0.0195,0.0005,1,correcto
hamming,64,512,522,0.0195,0.0005,0,correcto
hamming,64,512,522,0.0195,0.0005,0,correcto
hamming,64,512,522,0.0195,0.0005,0,correcto
hamming,64,512,522,0.0195,0.0005,0,correcto
hamming,64,512,522,0.0195,0.0005,0,correcto
hamming,64,512,522,0.0195,0.0005,1,correcto
hamming,64,512,522,0.0195,0.0005,0,correcto
hamming,64,512,522,0.0195,0.0005,0,correcto
hamming,64,512,522,0.0195,0.0005,0,correcto
hamming,64,512,522,0.0195,0.0005,0,correcto
hamming,64,512,522,0.0195,0.0005,0,correcto
hamming,64,512,522,0.0195,0.0005,0,correcto
hamming,64,512,522,0.0195,0.0005,0,correcto
hamming,64,512,522,0.0195,0.0005,0,correcto
hamming,64,512,522,0.0195,0.0005,0,correcto
hamming,64,512,522,0.0195,0.0005,1,correcto
hamming,64,512,522,0.0195,0.0005,0,correcto
hamming,64,512,522,0.0195,0.0005,0,correcto
hamming,64,512,522,0.0195,0.0005,0,correcto
hamming,64,512,522,0.0195,0.0005,0,correcto
hamming,64,512,522,0.0195,0.0005,1,correcto
hamming,64,512,522,0.0195,0.0005,0,correcto
hamming,64,512,522,0.0195,0.0005,0,correcto
hamming,64,512,522,0.0195,0.0005,0,correcto
hamming,64,512,522,0.0195,0.0005,0,correcto
hamming,64,512,522,0.0195,0.0005,0,correcto
hamming,64,512,522,0.0195,0.0005,0,correcto
hamming,64,512,522,0.0195,0.0005,0,correcto
hamming,64,512,522,0.0195,0.0005,0,correcto
hamming,64,512,522,0.0195,0.0005,0,correcto
hamming,64,512,522,0.0195,0.0005,0,correcto
hamming,64,512,522,0.0195,0.0005,2,detectado
hamming,64,512,522,0.0195,0.0005,0,correcto
hamming,64,512,522,0.0195,0.0005,0,correcto
hamming,64,512,522,0.0195,0.0005,0,correcto
hamming,64,512,522,0.0195,0.0005,0,correcto
hamming,64,512,522,0.0195,0.0005,0,correcto
hamming,64,512,522,0.0195,0.0005,0,correcto
hamming,64,512,522,0.0195,0.0005,1,correcto
hamming,64,512,522,0.0195,0.0005,1,correcto
hamming,64,512,522,0.0195,0.0005,0,correcto
hamming,64,512,522,0.0195,0.0005,1,correcto
hamming,64,512,522,0.0195,0.0005,0,correcto
hamming,64,512,522,0.0195,0.0005,1,correcto
hamming,64,512,522,0.0195,0.0005,0,correcto
hamming,64,512,522,0.0195,0.0005,0,correcto
hamming,64,512,522,0.0195,0.0005,0,correcto
hamming,64,512,522,0.0195,0.0005,0,correcto
hamming,64,512,522,0.0195,0.0005,0,correcto
hamming,64,512,522,0.0195,0.0005,0,correcto
hamming,64,512,522,0.0195,0.0005,0,correcto
hamming,64,512,522,0.0195,0.0005,0,correcto
hamming,64,512,522,0.0195,0.0005,0,correcto
hamming,64,512,522,0.0195,0.0005,0,correcto
hamming,64,512,522,0.0195,0.0005,0,correcto
hamming,64,512,522,0.0195,0.001,0,correcto
hamming,64,512,522,0.0195,0.001,0,correcto
hamming,64,512,522,0.0195,0.001,0,correcto
hamming,64,512,522,0.0195,0.001,1,correcto
hamming,64,512,522,0.0195,0.001,0,correcto
hamming,64,512,522,0.0195,0.001,0,correcto
hamming,64,512,522,0.0195,0.001,1,correcto
hamming,64,512,522,0.0195,0.001,2,detectado
hamming,64,512,522,0.0195,0.001,0,correcto
hamming,64,512,522,0.0195,0.001,0,correcto
hamming,64,512,522,0.0195,0.001,0,correcto
hamming,64,512,522,0.0195,0.001,1,correcto
hamming,64,512,522,0.0195,0.001,1,correcto
hamming,64,512,522,0.0195,0.001,0,correcto
hamming,64,512,522,0.0195,0.001,0,correcto
hamming,64,512,522,0.0195,0.001,0,correcto
hamming,64,512,522,0.0195,0.001,0,correcto
hamming,64,512,522,0.0195,0.001,0,correcto
hamming,64,512,522,0.0195,0.001,1,correcto
hamming,64,512,522,0.0195,0.001,1,correcto
hamming,64,512,522,0.0195,0.001,0,correcto
hamming,64,512,522,0.0195,0.001,2,no_detectado
hamming,64,512,522,0.0195,0.001,0,correcto
hamming,64,512,522,0.0195,0.001,1,correcto
hamming,64,512,522,0.0195,0.001,0,correcto
hamming,64,512,522,0.0195,0.001,0,correcto
hamming,64,512,522,0.0195,0.001,1,correcto
hamming,64,512,522,0.0195,0.001,0,correcto
hamming,64,512,522,0.0195,0.001,0,correcto
hamming,64,512,522,0.0195,0.001,0,correcto
hamming,64,512,522,0.0195,0.001,0,correcto
hamming,64,512,522,0.0195,0.001,0,correcto
hamming,64,512,522,0.0195,0.001,1,correcto
hamming,64,512,522,0.0195,0.001,0,correcto
hamming,64,512,522,0.0195,0.001,0,correcto
hamming,64,512,522,0.0195,0.001,1,correcto
hamming,64,512,522,0.0195,0.001,2,no_detectado
hamming,64,512,522,0.0195,0.001,0,correcto
hamming,64,512,522,0.0195,0.001,0,correcto
hamming,64,512,522,0.0195,0.001,1,correcto
hamming,64,512,522,0.0195,0.001,0,correcto
hamming,64,512,522,0.0195,0.001,1,correcto
hamming,64,512,522,0.0195,0.001,1,correcto
hamming,64,512,522,0.0195,0.001,0,correcto
hamming,64,512,522,0.0195,0.001,1,correcto
hamming,64,512,522,0.0195,0.001,0,correcto
hamming,64,512,522,0.0195,0.001,0,correcto
hamming,64,512,522,0.0195,0.001,0,correcto
hamming,64,512,522,0.0195,0.001,0,correcto
hamming,64,512,522,0.0195,0.001,1,correcto
hamming,64,512,522,0.0195,0.001,2,no_detectado
hamming,64,512,522,0.0195,0.001,2,no_detectado
hamming,64,512,522,0.0195,0.001,0,correcto
hamming,64,512,522,0.0195,0.001,0,correcto
hamming,64,512,522,0.0195,0.001,1,correcto
hamming,64,512,522,0.0195,0.001,0,correcto
hamming,64,512,522,0.0195,0.001,0,correcto
hamming,64,512,522,0.0195,0.001,0,correcto
hamming,64,512,522,0.0195,0.001,0,correcto
hamming,64,512,522,0.0195,0.001,0,correcto
hamming,64,512,522,0.0195,0.001,1,correcto
hamming,64,512,522,0.0195,0.001,3,no_detectado
hamming,64,512,522,0.0195,0.001,1,correcto
hamming,64,512,522,0.0195,0.001,0,correcto
hamming,64,512,522,0.0195,0.001,0,correcto
hamming,64,512,522,0.0195,0.001,1,correcto
hamming,64,512,522,0.0195,0.001,2,detectado
hamming,64,512,522,0.0195,0.001,1,correcto
hamming,64,512,522,0.0195,0.001,0,correcto
hamming,64,512,522,0.0195,0.001,0,correcto
hamming,64,512,522,0.0195,0.001,1,correcto
hamming,64,512,522,0.0195,0.001,1,correcto
hamming,64,512,522,0.0195,0.001,1,correcto
hamming,64,512,522,0.0195,0.001,0,correcto
hamming,64,512,522,0.0195,0.001,1,correcto
hamming,64,512,522,0.0195,0.001,0,correcto
hamming,64,512,522,0.0195,0.001,0,correcto
hamming,64,512,522,0.0195,0.001,1,correcto
hamming,64,512,522,0.0195,0.001,0,correcto
hamming,64,512,522,0.0195,0.001,0,correcto
hamming,64,512,522,0.0195,0.001,1,correcto
hamming,64,512,522,0.0195,0.001,0,correcto
hamming,64,512,522,0.0195,0.001,1,correcto
hamming,64,512,522,0.0195,0.001,1,correcto
hamming,64,512,522,0.0195,0.001,1,correcto
hamming,64,512,522,0.0195,0.001,0,correcto
hamming,64,512,522,0.0195,0.001,0,correcto
hamming,64,512,522,0.0195,0.001,0,correcto
hamming,64,512,522,0.0195,0.001,0,correcto
hamming,64,512,522,0.0195,0.001,1,correcto
hamming,64,512,522,0.0195,0.001,0,correcto
hamming,64,512,522,0.0195,0.001,0,correcto
hamming,64,512,522,0.0195,0.001,1,correcto
hamming,64,512,522,0.0195,0.001,0,correcto
hamming,64,512,522,0.0195,0.001,1,correcto
hamming,64,512,522,0.0195,0.001,0,correcto
hamming,64,512,522,0.0195,0.001,0,correcto
hamming,64,512,522,0.0195,0.001,0,correcto
hamming,64,512,522,0.0195,0.001,0,correcto
hamming,64,512,522,0.0195,0.001,0,correcto
hamming,64,512,522,0.0195,0.005,2,no_detectado
hamming,64,512,522,0.0195,0.005,2,no_detectado
hamming,64,512,522,0.0195,0.005,3,no_detectado
hamming,64,512,522,0.0195,0.005,5,detectado
hamming,64,512,522,0.0195,0.005,2,no_detectado
hamming,64,512,522,0.0195,0.005,7,detectado
hamming,64,512,522,0.0195,0.005,4,detectado
hamming,64,512,522,0.0195,0.005,2,no_detectado
hamming,64,512,522,0.0195,0.005,2,no_detectado
hamming,64,512,522,0.0195,0.005,4,no_detectado
hamming,64,512,522,0.0195,0.005,2,no_detectado
hamming,64,512,522,0.0195,0.005,1,correcto
hamming,64,512,522,0.0195,0.005,4,detectado
hamming,64,512,522,0.0195,0.005,5,detectado
hamming,64,512,522,0.0195,0.005,2,no_detectado
hamming,64,512,522,0.0195,0.005,0,correcto
hamming,64,512,522,0.0195,0.005,0,correcto
hamming,64,512,522,0.0195,0.005,3,detectado
hamming,64,512,522,0.0195,0.005,3,detectado
hamming,64,512,522,0.0195,0.005,1,correcto
hamming,64,512,522,0.0195,0.005,4,no_detectado
hamming,64,512,522,0.0195,0.005,2,detectado
hamming,64,512,522,0.0195,0.005,2,detectado
hamming,64,512,522,0.0195,0.005,2,detectado
hamming,64,512,522,0.0195,0.005,0,correcto
hamming,64,512,522,0.0195,0.005,4,no_detectado
hamming,64,512,522,0.0195,0.005,1,correcto
hamming,64,512,522,0.0195,0.005,4,no_detectado
hamming,64,512,522,0.0195,0.005,3,detectado
hamming,64,512,522,0.0195,0.005,6,detectado
hamming,64,512,522,0.0195,0.005,4,no_detectado
hamming,64,512,522,0.0195,0.005,4,no_detectado
hamming,64,512,522,0.0195,0.005,1,correcto
hamming,64,512,522,0.0195,0.005,1,correcto
hamming,64,512,522,0.0195,0.005,5,no_detectado
hamming,64,512,522,0.0195,0.005,1,correcto
hamming,64,512,522,0.0195,0.005,1,correcto
hamming,64,512,522,0.0195,0.005,5,no_detectado
hamming,64,512,522,0.0195,0.005,6,detectado
hamming,64,512,522,0.0195,0.005,0,correcto
hamming,64,512,522,0.0195,0.005,3,no_detectado
hamming,64,512,522,0.0195,0.005,3,detectado
hamming,64,512,522,0.0195,0.005,3,detectado
hamming,64,512,522,0.0195,0.005,3,no_detectado
hamming,64,512,522,0.0195,0.005,5,detectado
hamming,64,512,522,0.0195,0.005,3,detectado
hamming,64,512,522,0.0195,0.005,1,correcto
hamming,64,512,522,0.0195,0.005,5,detectado
hamming,64,512,522,0.0195,0.005,4,no_detectado
hamming,64,512,522,0.0195,0.005,3,detectado
hamming,64,512,522,0.0195,0.005,4,no_detectado
hamming,64,512,522,0.0195,0.005,4,detectado
hamming,64,512,522,0.0195,0.005,4,no_detectado
hamming,64,512,522,0.0195,0.005,2,no_detectado
hamming,64,512,522,0.0195,0.005,3,no_detectado
hamming,64,512,522,0.0195,0.005,3,no_detectado
hamming,64,512,522,0.0195,0.005,2,detectado
hamming,64,512,522,0.0195,0.005,3,no_detectado
hamming,64,512,522,0.0195,0.005,3,no_detectado
hamming,64,512,522,0.0195,0.005,5,no_detectado
hamming,64,512,522,0.0195,0.005,2,detectado
hamming,64,512,522,0.0195,0.005,0,correcto
hamming,64,512,522,0.0195,0.005,1,correcto
hamming,64,512,522,0.0195,0.005,3,detectado
hamming,64,512,522,0.0195,0.005,3,no_detectado
hamming,64,512,522,0.0195,0.005,2,no_detectado
hamming,64,512,522,0.0195,0.005,6,detectado
hamming,64,512,522,0.0195,0.005,2,no_detectado
hamming,64,512,522,0.0195,0.005,4,no_detectado
hamming,64,512,522,0.0195,0.005,3,no_detectado
hamming,64,512,522,0.0195,0.005,0,correcto
hamming,64,512,522,0.0195,0.005,3,detectado
hamming,64,512,522,0.0195,0.005,1,correcto
hamming,64,512,522,0.0195,0.005,2,no_detectado
hamming,64,512,522,0.0195,0.005,5,no_detectado
hamming,64,512,522,0.0195,0.005,3,detectado
hamming,64,512,522,0.0195,0.005,2,detectado
hamming,64,512,522,0.0195,0.005,3,no_detectado
hamming,64,512,522,0.0195,0.005,1,correcto
hamming,64,512,522,0.0195,0.005,3,detectado
hamming,64,512,522,0.0195,0.005,2,no_detectado
hamming,64,512,522,0.0195,0.005,4,detectado
hamming,64,512,522,0.0195,0.005,1,correcto
hamming,64,512,522,0.0195,0.005,3,detectado
hamming,64,512,522,0.0195,0.005,2,no_detectado
hamming,64,512,522,0.0195,0.005,4,no_detectado
hamming,64,512,522,0.0195,0.005,4,detectado
hamming,64,512,522,0.0195,0.005,4,no_detectado
hamming,64,512,522,0.0195,0.005,2,detectado
hamming,64,512,522,0.0195,0.005,2,no_detectado
hamming,64,512,522,0.0195,0.005,1,correcto
hamming,64,512,522,0.0195,0.005,4,no_detectado
hamming,64,512,522,0.0195,0.005,4,detectado
hamming,64,512,522,0.0195,0.005,7,no_detectado
hamming,64,512,522,0.0195,0.005,4,no_detectado
hamming,64,512,522,0.0195,0.005,2,detectado
hamming,64,512,522,0.0195,0.005,2,no_detectado
hamming,64,512,522,0.0195,0.005,2,detectado
hamming,64,512,522,0.0195,0.005,1,correcto
hamming,64,512,522,0.0195,0.005,3,detectado
hamming,64,512,522,0.0195,0.01,7,detectado
hamming,64,512,522,0.0195,0.01,9,detectado
hamming,64,512,522,0.0195,0.01,9,detectado
hamming,64,512,522,0.0195,0.01,3,detectado
hamming,64,512,522,0.0195,0.01,8,detectado
hamming,64,512,522,0.0195,0.01,4,detectado
hamming,64,512,522,0.0195,0.01,3,no_detectado
hamming,64,512,522,0.0195,0.01,6,detectado
hamming,64,512,522,0.0195,0.01,4,no_detectado
hamming,64,512,522,0.0195,0.01,10,detectado
hamming,64,512,522,0.0195,0.01,1,correcto
hamming,64,512,522,0.0195,0.01,8,no_detectado
hamming,64,512,522,0.0195,0.01,7,detectado
hamming,64,512,522,0.0195,0.01,6,no_detectado
hamming,64,512,522,0.0195,0.01,4,no_detectado
hamming,64,512,522,0.0195,0.01,3,no_detectado
hamming,64,512,522,0.0195,0.01,5,detectado
hamming,64,512,522,0.0195,0.01,5,detectado
hamming,64,512,522,0.0195,0.01,5,detectado
hamming,64,512,522,0.0195,0.01,6,no_detectado
hamming,64,512,522,0.0195,0.01,5,detectado
hamming,64,512,522,0.0195,0.01,6,detectado
hamming,64,512,522,0.0195,0.01,8,detectado
hamming,64,512,522,0.0195,0.01,9,detectado
hamming,64,512,522,0.0195,0.01,3,no_detectado
hamming,64,512,522,0.0195,0.01,3,no_detectado
hamming,64,512,522,0.0195,0.01,2,detectado
hamming,64,512,522,0.0195,0.01,5,no_detectado
hamming,64,512,522,0.0195,0.01,5,detectado
hamming,64,512,522,0.0195,0.01,5,no_detectado
hamming,64,512,522,0.0195,0.01,1,correcto
hamming,64,512,522,0.0195,0.01,3,no_detectado
hamming,64,512,522,0.0195,0.01,9,detectado
hamming,64,512,522,0.0195,0.01,6,detectado
hamming,64,512,522,0.0195,0.01,5,no_detectado
hamming,64,512,522,0.0195,0.01,3,no_detectado
hamming,64,512,522,0.0195,0.01,6,detectado
hamming,64,512,522,0.0195,0.01,3,no_detectado
hamming,64,512,522,0.0195,0.01,7,detectado
hamming,64,512,522,0.0195,0.01,7,detectado
hamming,64,512,522,0.0195,0.01,5,detectado
hamming,64,512,522,0.0195,0.01,9,no_detectado
hamming,64,512,522,0.0195,0.01,6,detectado
hamming,64,512,522,0.0195,0.01,1,correcto
hamming,64,512,522,0.0195,0.01,4,detectado
hamming,64,512,522,0.0195,0.01,4,detectado
hamming,64,512,522,0.0195,0.01,9,detectado
hamming,64,512,522,0.0195,0.01,8,no_detectado
hamming,64,512,522,0.0195,0.01,3,detectado
hamming,64,512,522,0.0195,0.01,7,detectado
hamming,64,512,522,0.0195,0.01,5,detectado
hamming,64,512,522,0.0195,0.01,4,no_detectado
hamming,64,512,522,0.0195,0.01,2,detectado
hamming,64,512,522,0.0195,0.01,8,detectado
hamming,64,512,522,0.0195,0.01,2,no_detectado
hamming,64,512,522,0.0195,0.01,6,detectado
hamming,64,512,522,0.0195,0.01,6,detectado
hamming,64,512,522,0.0195,0.01,5,no_detectado
hamming,64,512,522,0.0195,0.01,5,detectado
hamming,64,512,522,0.0195,0.01,3,detectado
hamming,64,512,522,0.0195,0.01,5,no_detectado
hamming,64,512,522,0.0195,0.01,3,detectado
hamming,64,512,522,0.0195,0.01,6,detectado
hamming,64,512,522,0.0195,0.01,2,detectado
hamming,64,512,522,0.0195,0.01,6,no_detectado
hamming,64,512,522,0.0195,0.01,4,detectado
hamming,64,512,522,0.0195,0.01,3,no_detectado
hamming,64,512,522,0.0195,0.01,4,no_detectado
hamming,64,512,522,0.0195,0.01,3,no_detectado
hamming,64,512,522,0.0195,0.01,3,no_detectado
hamming,64,512,522,0.0195,0.01,10,detectado
hamming,64,512,522,0.0195,0.01,3,no_detectado
hamming,64,512,522,0.0195,0.01,5,detectado
hamming,64,512,522,0.0195,0.01,4,detectado
hamming,64,512,522,0.0195,0.01,5,detectado
hamming,64,512,522,0.0195,0.01,4,no_detectado
hamming,64,512,522,0.0195,0.01,3,detectado
hamming,64,512,522,0.0195,0.01,1,correcto
hamming,64,512,522,0.0195,0.01,10,detectado
hamming,64,512,522,0.0195,0.01,6,no_detectado
hamming,64,512,522,0.0195,0.01,5,no_detectado
hamming,64,512,522,0.0195,0.01,14,no_detectado
hamming,64,512,522,0.0195,0.01,5,no_detectado
hamming,64,512,522,0.0195,0.01,7,no_detectado
hamming,64,512,522,0.0195,0.01,4,no_detectado
hamming,64,512,522,0.0195,0.01,10,detectado
hamming,64,512,522,0.0195,0.01,5,no_detectado
hamming,64,512,522,0.0195,0.01,4,no_detectado
hamming,64,512,522,0.0195,0.01,6,detectado
hamming,64,512,522,0.0195,0.01,5,detectado
hamming,64,512,522,0.0195,0.01,4,detectado
hamming,64,512,522,0.0195,0.01,9,detectado
hamming,64,512,522,0.0195,0.01,5,no_detectado
hamming,64,512,522,0.0195,0.01,4,no_detectado
hamming,64,512,522,0.0195,0.01,6,detectado
hamming,64,512,522,0.0195,0.01,5,detectado
hamming,64,512,522,0.0195,0.01,5,detectado
hamming,64,512,522,0.0195,0.01,8,detectado
hamming,64,512,522,0.0195,0.01,8,detectado
hamming,64,512,522,0.0195,0.01,5,detectado
hamming,64,512,522,0.0195,0.02,14,detectado
hamming,64,512,522,0.0195,0.02,13,no_detectado
hamming,64,512,522,0.0195,0.02,10,detectado
hamming,64,512,522,0.0195,0.02,12,detectado
hamming,64,512,522,0.0195,0.02,9,detectado
hamming,64,512,522,0.0195,0.02,8,detectado
hamming,64,512,522,0.0195,0.02,4,no_detectado
hamming,64,512,522,0.0195,0.02,6,detectado
hamming,64,512,522,0.0195,0.02,9,detectado
hamming,64,512,522,0.0195,0.02,13,detectado
hamming,64,512,522,0.0195,0.02,11,no_detectado
hamming,64,512,522,0.0195,0.02,15,detectado
hamming,64,512,522,0.0195,0.02,7,detectado
hamming,64,512,522,0.0195,0.02,5,detectado
hamming,64,512,522,0.0195,0.02,13,detectado
hamming,64,512,522,0.0195,0.02,7,no_detectado
hamming,64,512,522,0.0195,0.02,15,detectado
hamming,64,512,522,0.0195,0.02,5,detectado
hamming,64,512,522,0.0195,0.02,18,no_detectado
hamming,64,512,522,0.0195,0.02,5,detectado
hamming,64,512,522,0.0195,0.02,11,no_detectado
hamming,64,512,522,0.0195,0.02,10,detectado
hamming,64,512,522,0.0195,0.02,6,detectado
hamming,64,512,522,0.0195,0.02,13,detectado
hamming,64,512,522,0.0195,0.02,11,detectado
hamming,64,512,522,0.0195,0.02,14,detectado
hamming,64,512,522,0.0195,0.02,11,no_detectado
hamming,64,512,522,0.0195,0.02,11,detectado
hamming,64,512,522,0.0195,0.02,12,detectado
hamming,64,512,522,0.0195,0.02,13,detectado
hamming,64,512,522,0.0195,0.02,9,no_detectado
hamming,64,512,522,0.0195,0.02,3,detectado
hamming,64,512,522,0.0195,0.02,12,detectado
hamming,64,512,522,0.0195,0.02,8,no_detectado
hamming,64,512,522,0.0195,0.02,11,detectado
hamming,64,512,522,0.0195,0.02,11,detectado
hamming,64,512,522,0.0195,0.02,17,detectado
hamming,64,512,522,0.0195,0.02,13,detectado
hamming,64,512,522,0.0195,0.02,6,no_detectado
hamming,64,512,522,0.0195,0.02,8,no_detectado
hamming,64,512,522,0.0195,0.02,10,no_detectado
hamming,64,512,522,0.0195,0.02,15,detectado
hamming,64,512,522,0.0195,0.02,11,detectado
hamming,64,512,522,0.0195,0.02,8,detectado
hamming,64,512,522,0.0195,0.02,10,detectado
hamming,64,512,522,0.0195,0.02,11,no_detectado
hamming,64,512,522,0.0195,0.02,14,detectado
hamming,64,512,522,0.0195,0.02,11,no_detectado
hamming,64,512,522,0.0195,0.02,10,detectado
hamming,64,512,522,0.0195,0.02,11,detectado
hamming,64,512,522,0.0195,0.02,8,detectado
hamming,64,512,522,0.0195,0.02,12,detectado
hamming,64,512,522,0.0195,0.02,15,detectado
hamming,64,512,522,0.0195,0.02,15,detectado
hamming,64,512,522,0.0195,0.02,11,detectado
hamming,64,512,522,0.0195,0.02,12,detectado
hamming,64,512,522,0.0195,0.02,8,no_detectado
hamming,64,512,522,0.0195,0.02,22,detectado
hamming,64,512,522,0.0195,0.02,13,detectado
hamming,64,512,522,0.0195,0.02,4,detectado
hamming,64,512,522,0.0195,0.02,16,detectado
hamming,64,512,522,0.0195,0.02,12,detectado
hamming,64,512,522,0.0195,0.02,8,no_detectado
hamming,64,512,522,0.0195,0.02,10,detectado
hamming,64,512,522,0.0195,0.02,12,detectado
hamming,64,512,522,0.0195,0.02,10,detectado
hamming,64,512,522,0.0195,0.02,11,detectado
hamming,64,512,522,0.0195,0.02,11,detectado
hamming,64,512,522,0.0195,0.02,13,detectado
hamming,64,512,522,0.0195,0.02,9,detectado
hamming,64,512,522,0.0195,0.02,5,detectado
hamming,64,512,522,0.0195,0.02,10,detectado
hamming,64,512,522,0.0195,0.02,10,no_detectado
hamming,64,512,522,0.0195,0.02,9,detectado
hamming,64,512,522,0.0195,0.02,17,detectado
hamming,64,512,522,0.0195,0.02,12,no_detectado
hamming,64,512,522,0.0195,0.02,10,detectado
hamming,64,512,522,0.0195,0.02,8,detectado
hamming,64,512,522,0.0195,0.02,7,detectado
hamming,64,512,522,0.0195,0.02,13,no_detectado
hamming,64,512,522,0.0195,0.02,10,detectado
hamming,64,512,522,0.0195,0.02,8,no_detectado
hamming,64,512,522,0.0195,0.02,10,detectado
hamming,64,512,522,0.0195,0.02,9,detectado
hamming,64,512,522,0.0195,0.02,9,detectado
hamming,64,512,522,0.0195,0.02,21,no_detectado
hamming,64,512,522,0.0195,0.02,10,detectado
hamming,64,512,522,0.0195,0.02,10,detectado
hamming,64,512,522,0.0195,0.02,5,detectado
hamming,64,512,522,0.0195,0.02,11,detectado
hamming,64,512,522,0.0195,0.02,13,detectado
hamming,64,512,522,0.0195,0.02,7,no_detectado
hamming,64,512,522,0.0195,0.02,13,detectado
hamming,64,512,522,0.0195,0.02,16,detectado
hamming,64,512,522,0.0195,0.02,13,no_detectado
hamming,64,512,522,0.0195,0.02,9,detectado
hamming,64,512,522,0.0195,0.02,7,no_detectado
hamming,64,512,522,0.0195,0.02,9,no_detectado
hamming,64,512,522,0.0195,0.02,1,correcto
hamming,64,512,522,0.0195,0.02,3,no_detectado
hamming,64,512,522,0.0195,0.05,29,detectado
hamming,64,512,522,0.0195,0.05,29,detectado
hamming,64,512,522,0.0195,0.05,27,detectado
hamming,64,512,522,0.0195,0.05,29,detectado
hamming,64,512,522,0.0195,0.05,32,detectado
hamming,64,512,522,0.0195,0.05,27,detectado
hamming,64,512,522,0.0195,0.05,30,detectado
hamming,64,512,522,0.0195,0.05,13,detectado
hamming,64,512,522,0.0195,0.05,25,detectado
hamming,64,512,522,0.0195,0.05,27,detectado
hamming,64,512,522,0.0195,0.05,37,detectado
hamming,64,512,522,0.0195,0.05,34,detectado
hamming,64,512,522,0.0195,0.05,39,detectado
hamming,64,512,522,0.0195,0.05,28,detectado
hamming,64,512,522,0.0195,0.05,21,detectado
hamming,64,512,522,0.0195,0.05,33,detectado
hamming,64,512,522,0.0195,0.05,31,detectado
hamming,64,512,522,0.0195,0.05,30,detectado
hamming,64,512,522,0.0195,0.05,27,detectado
hamming,64,512,522,0.0195,0.05,25,detectado
hamming,64,512,522,0.0195,0.05,27,detectado
hamming,64,512,522,0.0195,0.05,27,detectado
hamming,64,512,522,0.0195,0.05,19,detectado
hamming,64,512,522,0.0195,0.05,28,detectado
hamming,64,512,522,0.0195,0.05,18,detectado
hamming,64,512,522,0.0195,0.05,24,detectado
hamming,64,512,522,0.0195,0.05,24,detectado
hamming,64,512,522,0.0195,0.05,28,detectado
hamming,64,512,522,0.0195,0.05,25,detectado
hamming,64,512,522,0.0195,0.05,27,detectado
hamming,64,512,522,0.0195,0.05,29,detectado
hamming,64,512,522,0.0195,0.05,20,detectado
hamming,64,512,522,0.0195,0.05,17,detectado
hamming,64,512,522,0.0195,0.05,30,detectado
hamming,64,512,522,0.0195,0.05,25,detectado
hamming,64,512,522,0.0195,0.05,24,detectado
hamming,64,512,522,0.0195,0.05,23,detectado
hamming,64,512,522,0.0195,0.05,24,detectado
hamming,64,512,522,0.0195,0.05,26,detectado
hamming,64,512,522,0.0195,0.05,18,detectado
hamming,64,512,522,0.0195,0.05,23,detectado
hamming,64,512,522,0.0195,0.05,30,detectado
hamming,64,512,522,0.0195,0.05,27,detectado
hamming,64,512,522,0.0195,0.05,27,detectado
hamming,64,512,522,0.0195,0.05,26,detectado
hamming,64,512,522,0.0195,0.05,34,detectado
hamming,64,512,522,0.0195,0.05,32,detectado
hamming,64,512,522,0.0195,0.05,28,detectado
hamming,64,512,522,0.0195,0.05,28,detectado
hamming,64,512,522,0.0195,0.05,26,detectado
hamming,64,512,522,0.0195,0.05,29,detectado
hamming,64,512,522,0.0195,0.05,35,detectado
hamming,64,512,522,0.0195,0.05,18,detectado
hamming,64,512,522,0.0195,0.05,34,detectado
hamming,64,512,522,0.0195,0.05,28,detectado
hamming,64,512,522,0.0195,0.05,21,detectado
hamming,64,512,522,0.0195,0.05,26,detectado
hamming,64,512,522,0.0195,0.05,22,detectado
hamming,64,512,522,0.0195,0.05,30,detectado
hamming,64,512,522,0.0195,0.05,31,detectado
hamming,64,512,522,0.0195,0.05,29,detectado
hamming,64,512,522,0.0195,0.05,36,detectado
hamming,64,512,522,0.0195,0.05,26,detectado
hamming,64,512,522,0.0195,0.05,28,detectado
hamming,64,512,522,0.0195,0.05,29,detectado
hamming,64,512,522,0.0195,0.05,28,detectado
hamming,64,512,522,0.0195,0.05,24,detectado
hamming,64,512,522,0.0195,0.05,26,detectado
hamming,64,512,522,0.0195,0.05,32,detectado
hamming,64,512,522,0.0195,0.05,26,detectado
hamming,64,512,522,0.0195,0.05,22,detectado
hamming,64,512,522,0.0195,0.05,28,detectado
hamming,64,512,522,0.0195,0.05,21,detectado
hamming,64,512,522,0.0195,0.05,31,detectado
hamming,64,512,522,0.0195,0.05,28,detectado
hamming,64,512,522,0.0195,0.05,21,detectado
hamming,64,512,522,0.0195,0.05,21,detectado
hamming,64,512,522,0.0195,0.05,34,detectado
hamming,64,512,522,0.0195,0.05,37,detectado
hamming,64,512,522,0.0195,0.05,24,detectado
hamming,64,512,522,0.0195,0.05,26,detectado
hamming,64,512,522,0.0195,0.05,31,detectado
hamming,64,512,522,0.0195,0.05,25,detectado
hamming,64,512,522,0.0195,0.05,35,detectado
hamming,64,512,522,0.0195,0.05,29,detectado
hamming,64,512,522,0.0195,0.05,17,detectado
hamming,64,512,522,0.0195,0.05,17,detectado
hamming,64,512,522,0.0195,0.05,21,detectado
hamming,64,512,522,0.0195,0.05,29,detectado
hamming,64,512,522,0.0195,0.05,23,detectado
hamming,64,512,522,0.0195,0.05,34,detectado
hamming,64,512,522,0.0195,0.05,33,detectado
hamming,64,512,522,0.0195,0.05,24,detectado
hamming,64,512,522,0.0195,0.05,29,detectado
hamming,64,512,522,0.0195,0.05,38,detectado
hamming,64,512,522,0.0195,0.05,25,no_detectado
hamming,64,512,522,0.0195,0.05,28,detectado
hamming,64,512,522,0.0195,0.05,29,detectado
hamming,64,512,522,0.0195,0.05,18,detectado
hamming,64,512,522,0.0195,0.05,20,detectado
crc32,4,32,64,1.0,0.0,0,correcto
crc32,4,32,64,1.0,0.0,0,correcto
crc32,4,32,64,1.0,0.0,0,correcto
crc32,4,32,64,1.0,0.0,0,correcto
crc32,4,32,64,1.0,0.0,0,correcto
crc32,4,32,64,1.0,0.0,0,correcto
crc32,4,32,64,1.0,0.0,0,correcto
crc32,4,32,64,1.0,0.0,0,correcto
crc32,4,32,64,1.0,0.0,0,correcto
crc32,4,32,64,1.0,0.0,0,correcto
crc32,4,32,64,1.0,0.0,0,correcto
crc32,4,32,64,1.0,0.0,0,correcto
crc32,4,32,64,1.0,0.0,0,correcto
crc32,4,32,64,1.0,0.0,0,correcto
crc32,4,32,64,1.0,0.0,0,correcto
crc32,4,32,64,1.0,0.0,0,correcto
crc32,4,32,64,1.0,0.0,0,correcto
crc32,4,32,64,1.0,0.0,0,correcto
crc32,4,32,64,1.0,0.0,0,correcto
crc32,4,32,64,1.0,0.0,0,correcto
crc32,4,32,64,1.0,0.0,0,correcto
crc32,4,32,64,1.0,0.0,0,correcto
crc32,4,32,64,1.0,0.0,0,correcto
crc32,4,32,64,1.0,0.0,0,correcto
crc32,4,32,64,1.0,0.0,0,correcto
crc32,4,32,64,1.0,0.0,0,correcto
crc32,4,32,64,1.0,0.0,0,correcto
crc32,4,32,64,1.0,0.0,0,correcto
crc32,4,32,64,1.0,0.0,0,correcto
crc32,4,32,64,1.0,0.0,0,correcto
crc32,4,32,64,1.0,0.0,0,correcto
crc32,4,32,64,1.0,0.0,0,correcto
crc32,4,32,64,1.0,0.0,0,correcto
crc32,4,32,64,1.0,0.0,0,correcto
crc32,4,32,64,1.0,0.0,0,correcto
crc32,4,32,64,1.0,0.0,0,correcto
crc32,4,32,64,1.0,0.0,0,correcto
crc32,4,32,64,1.0,0.0,0,correcto
crc32,4,32,64,1.0,0.0,0,correcto
crc32,4,32,64,1.0,0.0,0,correcto
crc32,4,32,64,1.0,0.0,0,correcto
crc32,4,32,64,1.0,0.0,0,correcto
crc32,4,32,64,1.0,0.0,0,correcto
crc32,4,32,64,1.0,0.0,0,correcto
crc32,4,32,64,1.0,0.0,0,correcto
crc32,4,32,64,1.0,0.0,0,correcto
crc32,4,32,64,1.0,0.0,0,correcto
crc32,4,32,64,1.0,0.0,0,correcto
crc32,4,32,64,1.0,0.0,0,correcto
crc32,4,32,64,1.0,0.0,0,correcto
crc32,4,32,64,1.0,0.0,0,correcto
crc32,4,32,64,1.0,0.0,0,correcto
crc32,4,32,64,1.0,0.0,0,correcto
crc32,4,32,64,1.0,0.0,0,correcto
crc32,4,32,64,1.0,0.0,0,correcto
crc32,4,32,64,1.0,0.0,0,correcto
crc32,4,32,64,1.0,0.0,0,correcto
crc32,4,32,64,1.0,0.0,0,correcto
crc32,4,32,64,1.0,0.0,0,correcto
crc32,4,32,64,1.0,0.0,0,correcto
crc32,4,32,64,1.0,0.0,0,correcto
crc32,4,32,64,1.0,0.0,0,correcto
crc32,4,32,64,1.0,0.0,0,correcto
crc32,4,32,64,1.0,0.0,0,correcto
crc32,4,32,64,1.0,0.0,0,correcto
crc32,4,32,64,1.0,0.0,0,correcto
crc32,4,32,64,1.0,0.0,0,correcto
crc32,4,32,64,1.0,0.0,0,correcto
crc32,4,32,64,1.0,0.0,0,correcto
crc32,4,32,64,1.0,0.0,0,correcto
crc32,4,32,64,1.0,0.0,0,correcto
crc32,4,32,64,1.0,0.0,0,correcto
crc32,4,32,64,1.0,0.0,0,correcto
crc32,4,32,64,1.0,0.0,0,correcto
crc32,4,32,64,1.0,0.0,0,correcto
crc32,4,32,64,1.0,0.0,0,correcto
crc32,4,32,64,1.0,0.0,0,correcto
crc32,4,32,64,1.0,0.0,0,correcto
crc32,4,32,64,1.0,0.0,0,correcto
crc32,4,32,64,1.0,0.0,0,correcto
crc32,4,32,64,1.0,0.0,0,correcto
crc32,4,32,64,1.0,0.0,0,correcto
crc32,4,32,64,1.0,0.0,0,correcto
crc32,4,32,64,1.0,0.0,0,correcto
crc32,4,32,64,1.0,0.0,0,correcto
crc32,4,32,64,1.0,0.0,0,correcto
crc32,4,32,64,1.0,0.0,0,correcto
crc32,4,32,64,1.0,0.0,0,correcto
crc32,4,32,64,1.0,0.0,0,correcto
crc32,4,32,64,1.0,0.0,0,correcto
crc32,4,32,64,1.0,0.0,0,correcto
crc32,4,32,64,1.0,0.0,0,correcto
crc32,4,32,64,1.0,0.0,0,correcto
crc32,4,32,64,1.0,0.0,0,correcto
crc32,4,32,64,1.0,0.0,0,correcto
crc32,4,32,64,1.0,0.0,0,correcto
crc32,4,32,64,1.0,0.0,0,correcto
crc32,4,32,64,1.0,0.0,0,correcto
crc32,4,32,64,1.0,0.0,0,correcto
crc32,4,32,64,1.0,0.0,0,correcto
crc32,4,32,64,1.0,0.0005,0,correcto
crc32,4,32,64,1.0,0.0005,0,correcto
crc32,4,32,64,1.0,0.0005,0,correcto
crc32,4,32,64,1.0,0.0005,0,correcto
crc32,4,32,64,1.0,0.0005,0,correcto
crc32,4,32,64,1.0,0.0005,0,correcto
crc32,4,32,64,1.0,0.0005,0,correcto
crc32,4,32,64,1.0,0.0005,0,correcto
crc32,4,32,64,1.0,0.0005,0,correcto
crc32,4,32,64,1.0,0.0005,0,correcto
crc32,4,32,64,1.0,0.0005,0,correcto
crc32,4,32,64,1.0,0.0005,1,detectado
crc32,4,32,64,1.0,0.0005,0,correcto
crc32,4,32,64,1.0,0.0005,0,correcto
crc32,4,32,64,1.0,0.0005,0,correcto
crc32,4,32,64,1.0,0.0005,0,correcto
crc32,4,32,64,1.0,0.0005,0,correcto
crc32,4,32,64,1.0,0.0005,0,correcto
crc32,4,32,64,1.0,0.0005,0,correcto
crc32,4,32,64,1.0,0.0005,0,correcto
crc32,4,32,64,1.0,0.0005,0,correcto
crc32,4,32,64,1.0,0.0005,0,correcto
crc32,4,32,64,1.0,0.0005,0,correcto
crc32,4,32,64,1.0,0.0005,0,correcto
crc32,4,32,64,1.0,0.0005,0,correcto
crc32,4,32,64,1.0,0.0005,0,correcto
crc32,4,32,64,1.0,0.0005,0,correcto
crc32,4,32,64,1.0,0.0005,0,correcto
crc32,4,32,64,1.0,0.0005,0,correcto
crc32,4,32,64,1.0,0.0005,0,correcto
crc32,4,32,64,1.0,0.0005,0,correcto
crc32,4,32,64,1.0,0.0005,0,correcto
crc32,4,32,64,1.0,0.0005,0,correcto
crc32,4,32,64,1.0,0.0005,1,detectado
crc32,4,32,64,1.0,0.0005,1,detectado
crc32,4,32,64,1.0,0.0005,1,detectado
crc32,4,32,64,1.0,0.0005,0,correcto
crc32,4,32,64,1.0,0.0005,0,correcto
crc32,4,32,64,1.0,0.0005,0,correcto
crc32,4,32,64,1.0,0.0005,0,correcto
crc32,4,32,64,1.0,0.0005,0,correcto
crc32,4,32,64,1.0,0.0005,0,correcto
crc32,4,32,64,1.0,0.0005,0,correcto
crc32,4,32,64,1.0,0.0005,0,correcto
crc32,4,32,64,1.0,0.0005,0,correcto
crc32,4,32,64,1.0,0.0005,0,correcto
crc32,4,32,64,1.0,0.0005,0,correcto
crc32,4,32,64,1.0,0.0005,0,correcto
crc32,4,32,64,1.0,0.0005,0,correcto
crc32,4,32,64,1.0,0.0005,0,correcto
crc32,4,32,64,1.0,0.0005,0,correcto
crc32,4,32,64,1.0,0.0005,0,correcto
crc32,4,32,64,1.0,0.0005,0,correcto
crc32,4,32,64,1.0,0.0005,0,correcto
crc32,4,32,64,1.0,0.0005,1,detectado
crc32,4,32,64,1.0,0.0005,0,correcto
crc32,4,32,64,1.0,0.0005,0,correcto
crc32,4,32,64,1.0,0.0005,0,correcto
crc32,4,32,64,1.0,0.0005,0,correcto
crc32,4,32,64,1.0,0.0005,0,correcto
crc32,4,32,64,1.0,0.0005,0,correcto
crc32,4,32,64,1.0,0.0005,0,correcto
crc32,4,32,64,1.0,0.0005,0,correcto
crc32,4,32,64,1.0,0.0005,0,correcto
crc32,4,32,64,1.0,0.0005,0,correcto
crc32,4,32,64,1.0,0.0005,1,detectado
crc32,4,32,64,1.0,0.0005,0,correcto
crc32,4,32,64,1.0,0.0005,0,correcto
crc32,4,32,64,1.0,0.0005,0,correcto
crc32,4,32,64,1.0,0.0005,0,correcto
crc32,4,32,64,1.0,0.0005,0,correcto
crc32,4,32,64,1.0,0.0005,0,correcto
crc32,4,32,64,1.0,0.0005,0,correcto
crc32,4,32,64,1.0,0.0005,0,correcto
crc32,4,32,64,1.0,0.0005,0,correcto
crc32,4,32,64,1.0,0.0005,0,correcto
crc32,4,32,64,1.0,0.0005,0,correcto
crc32,4,32,64,1.0,0.0005,0,correcto
crc32,4,32,64,1.0,0.0005,0,correcto
crc32,4,32,64,1.0,0.0005,0,correcto
crc32,4,32,64,1.0,0.0005,0,correcto
crc32,4,32,64,1.0,0.0005,0,correcto
crc32,4,32,64,1.0,0.0005,0,correcto
crc32,4,32,64,1.0,0.0005,0,correcto
crc32,4,32,64,1.0,0.0005,0,correcto
crc32,4,32,64,1.0,0.0005,0,correcto
crc32,4,32,64,1.0,0.0005,0,correcto
crc32,4,32,64,1.0,0.0005,0,correcto
crc32,4,32,64,1.0,0.0005,0,correcto
crc32,4,32,64,1.0,0.0005,0,correcto
crc32,4,32,64,1.0,0.0005,0,correcto
crc32,4,32,64,1.0,0.0005,0,correcto
crc32,4,32,64,1.0,0.0005,0,correcto
crc32,4,32,64,1.0,0.0005,0,correcto
crc32,4,32,64,1.0,0.0005,0,correcto
crc32,4,32,64,1.0,0.0005,1,detectado
crc32,4,32,64,1.0,0.0005,0,correcto
crc32,4,32,64,1.0,0.0005,0,correcto
crc32,4,32,64,1.0,0.0005,0,correcto
crc32,4,32,64,1.0,0.0005,0,correcto
crc32,4,32,64,1.0,0.001,0,correcto
crc32,4,32,64,1.0,0.001,0,correcto
crc32,4,32,64,1.0,0.001,0,correcto
crc32,4,32,64,1.0,0.001,0,correcto
crc32,4,32,64,1.0,0.001,1,detectado
crc32,4,32,64,1.0,0.001,0,correcto
crc32,4,32,64,1.0,0.001,0,correcto
crc32,4,32,64,1.0,0.001,0,correcto
crc32,4,32,64,1.0,0.001,0,correcto
crc32,4,32,64,1.0,0.001,0,correcto
crc32,4,32,64,1.0,0.001,0,correcto
crc32,4,32,64,1.0,0.001,0,correcto
crc32,4,32,64,1.0,0.001,0,correcto
crc32,4,32,64,1.0,0.001,0,correcto
crc32,4,32,64,1.0,0.001,0,correcto
crc32,4,32,64,1.0,0.001,0,correcto
crc32,4,32,64,1.0,0.001,0,correcto
crc32,4,32,64,1.0,0.001,0,correcto
crc32,4,32,64,1.0,0.001,0,correcto
crc32,4,32,64,1.0,0.001,0,correcto
crc32,4,32,64,1.0,0.001,0,correcto
crc32,4,32,64,1.0,0.001,0,correcto
crc32,4,32,64,1.0,0.001,0,correcto
crc32,4,32,64,1.0,0.001,0,correcto
crc32,4,32,64,1.0,0.001,0,correcto
crc32,4,32,64,1.0,0.001,1,detectado
crc32,4,32,64,1.0,0.001,0,correcto
crc32,4,32,64,1.0,0.001,0,correcto
crc32,4,32,64,1.0,0.001,0,correcto
crc32,4,32,64,1.0,0.001,0,correcto
crc32,4,32,64,1.0,0.001,0,correcto
crc32,4,32,64,1.0,0.001,0,correcto
crc32,4,32,64,1.0,0.001,0,correcto
crc32,4,32,64,1.0,0.001,0,correcto
crc32,4,32,64,1.0,0.001,0,correcto
crc32,4,32,64,1.0,0.001,0,correcto
crc32,4,32,64,1.0,0.001,0,correcto
crc32,4,32,64,1.0,0.001,0,correcto
crc32,4,32,64,1.0,0.001,0,correcto
crc32,4,32,64,1.0,0.001,0,correcto
crc32,4,32,64,1.0,0.001,0,correcto
crc32,4,32,64,1.0,0.001,0,correcto
crc32,4,32,64,1.0,0.001,0,correcto
crc32,4,32,64,1.0,0.001,0,correcto
crc32,4,32,64,1.0,0.001,0,correcto
crc32,4,32,64,1.0,0.001,0,correcto
crc32,4,32,64,1.0,0.001,0,correcto
crc32,4,32,64,1.0,0.001,0,correcto
crc32,4,32,64,1.0,0.001,0,correcto
crc32,4,32,64,1.0,0.001,0,correcto
crc32,4,32,64,1.0,0.001,0,correcto
crc32,4,32,64,1.0,0.001,0,correcto
crc32,4,32,64,1.0,0.001,0,correcto
crc32,4,32,64,1.0,0.001,0,correcto
crc32,4,32,64,1.0,0.001,0,correcto
crc32,4,32,64,1.0,0.001,1,detectado
crc32,4,32,64,1.0,0.001,1,detectado
crc32,4,32,64,1.0,0.001,0,correcto
crc32,4,32,64,1.0,0.001,0,correcto
crc32,4,32,64,1.0,0.001,0,correcto
crc32,4,32,64,1.0,0.001,0,correcto
crc32,4,32,64,1.0,0.001,0,correcto
crc32,4,32,64,1.0,0.001,0,correcto
crc32,4,32,64,1.0,0.001,0,correcto
crc32,4,32,64,1.0,0.001,0,correcto
crc32,4,32,64,1.0,0.001,0,correcto
crc32,4,32,64,1.0,0.001,0,correcto
crc32,4,32,64,1.0,0.001,1,detectado
crc32,4,32,64,1.0,0.001,0,correcto
crc32,4,32,64,1.0,0.001,0,correcto
crc32,4,32,64,1.0,0.001,0,correcto
crc32,4,32,64,1.0,0.001,0,correcto
crc32,4,32,64,1.0,0.001,0,correcto
crc32,4,32,64,1.0,0.001,0,correcto
crc32,4,32,64,1.0,0.001,0,correcto
crc32,4,32,64,1.0,0.001,0,correcto
crc32,4,32,64,1.0,0.001,0,correcto
crc32,4,32,64,1.0,0.001,0,correcto
crc32,4,32,64,1.0,0.001,0,correcto
crc32,4,32,64,1.0,0.001,0,correcto
crc32,4,32,64,1.0,0.001,0,correcto
crc32,4,32,64,1.0,0.001,0,correcto
crc32,4,32,64,1.0,0.001,0,correcto
crc32,4,32,64,1.0,0.001,0,correcto
crc32,4,32,64,1.0,0.001,0,correcto
crc32,4,32,64,1.0,0.001,0,correcto
crc32,4,32,64,1.0,0.001,0,correcto
crc32,4,32,64,1.0,0.001,0,correcto
crc32,4,32,64,1.0,0.001,0,correcto
crc32,4,32,64,1.0,0.001,0,correcto
crc32,4,32,64,1.0,0.001,0,correcto
crc32,4,32,64,1.0,0.001,0,correcto
crc32,4,32,64,1.0,0.001,0,correcto
crc32,4,32,64,1.0,0.001,1,detectado
crc32,4,32,64,1.0,0.001,0,correcto
crc32,4,32,64,1.0,0.001,0,correcto
crc32,4,32,64,1.0,0.001,0,correcto
crc32,4,32,64,1.0,0.001,0,correcto
crc32,4,32,64,1.0,0.001,0,correcto
crc32,4,32,64,1.0,0.001,0,correcto
crc32,4,32,64,1.0,0.005,0,correcto
crc32,4,32,64,1.0,0.005,0,correcto
crc32,4,32,64,1.0,0.005,0,correcto
crc32,4,32,64,1.0,0.005,0,correcto
crc32,4,32,64,1.0,0.005,0,correcto
crc32,4,32,64,1.0,0.005,0,correcto
crc32,4,32,64,1.0,0.005,1,detectado
crc32,4,32,64,1.0,0.005,2,detectado
crc32,4,32,64,1.0,0.005,1,detectado
crc32,4,32,64,1.0,0.005,0,correcto
crc32,4,32,64,1.0,0.005,0,correcto
crc32,4,32,64,1.0,0.005,0,correcto
crc32,4,32,64,1.0,0.005,0,correcto
crc32,4,32,64,1.0,0.005,1,detectado
crc32,4,32,64,1.0,0.005,0,correcto
crc32,4,32,64,1.0,0.005,1,detectado
crc32,4,32,64,1.0,0.005,0,correcto
crc32,4,32,64,1.0,0.005,1,detectado
crc32,4,32,64,1.0,0.005,2,detectado
crc32,4,32,64,1.0,0.005,0,correcto
crc32,4,32,64,1.0,0.005,0,correcto
crc32,4,32,64,1.0,0.005,0,correcto
crc32,4,32,64,1.0,0.005,1,detectado
crc32,4,32,64,1.0,0.005,1,detectado
crc32,4,32,64,1.0,0.005,0,correcto
crc32,4,32,64,1.0,0.005,1,detectado
crc32,4,32,64,1.0,0.005,0,correcto
crc32,4,32,64,1.0,0.005,0,correcto
crc32,4,32,64,1.0,0.005,2,detectado
crc32,4,32,64,1.0,0.005,0,correcto
crc32,4,32,64,1.0,0.005,1,detectado
crc32,4,32,64,1.0,0.005,1,detectado
crc32,4,32,64,1.0,0.005,0,correcto
crc32,4,32,64,1.0,0.005,0,correcto
crc32,4,32,64,1.0,0.005,0,correcto
crc32,4,32,64,1.0,0.005,2,detectado
crc32,4,32,64,1.0,0.005,0,correcto
crc32,4,32,64,1.0,0.005,0,correcto
crc32,4,32,64,1.0,0.005,0,correcto
crc32,4,32,64,1.0,0.005,0,correcto
crc32,4,32,64,1.0,0.005,1,detectado
crc32,4,32,64,1.0,0.005,2,detectado
crc32,4,32,64,1.0,0.005,0,correcto
crc32,4,32,64,1.0,0.005,0,correcto
crc32,4,32,64,1.0,0.005,0,correcto
crc32,4,32,64,1.0,0.005,0,correcto
crc32,4,32,64,1.0,0.005,1,detectado
crc32,4,32,64,1.0,0.005,0,correcto
crc32,4,32,64,1.0,0.005,0,correcto
crc32,4,32,64,1.0,0.005,1,detectado
crc32,4,32,64,1.0,0.005,0,correcto
crc32,4,32,64,1.0,0.005,0,correcto
crc32,4,32,64,1.0,0.005,0,correcto
crc32,4,32,64,1.0,0.005,1,detectado
crc32,4,32,64,1.0,0.005,0,correcto
crc32,4,32,64,1.0,0.005,0,correcto
crc32,4,32,64,1.0,0.005,0,correcto
crc32,4,32,64,1.0,0.005,0,correcto
crc32,4,32,64,1.0,0.005,0,correcto
crc32,4,32,64,1.0,0.005,1,detectado
crc32,4,32,64,1.0,0.005,1,detectado
crc32,4,32,64,1.0,0.005,0,correcto
crc32,4,32,64,1.0,0.005,0,correcto
crc32,4,32,64,1.0,0.005,0,correcto
crc32,4,32,64,1.0,0.005,2,detectado
crc32,4,32,64,1.0,0.005,0,correcto
crc32,4,32,64,1.0,0.005,0,correcto
crc32,4,32,64,1.0,0.005,0,correcto
crc32,4,32,64,1.0,0.005,1,detectado
crc32,4,32,64,1.0,0.005,0,correcto
crc32,4,32,64,1.0,0.005,0,correcto
crc32,4,32,64,1.0,0.005,0,correcto
crc32,4,32,64,1.0,0.005,0,correcto
crc32,4,32,64,1.0,0.005,0,correcto
crc32,4,32,64,1.0,0.005,0,correcto
crc32,4,32,64,1.0,0.005,1,detectado
crc32,4,32,64,1.0,0.005,0,correcto
crc32,4,32,64,1.0,0.005,1,detectado
crc32,4,32,64,1.0,0.005,0,correcto
crc32,4,32,64,1.0,0.005,0,correcto
crc32,4,32,64,1.0,0.005,0,correcto
crc32,4,32,64,1.0,0.005,0,correcto
crc32,4,32,64,1.0,0.005,0,correcto
crc32,4,32,64,1.0,0.005,1,detectado
crc32,4,32,64,1.0,0.005,1,detectado
crc32,4,32,64,1.0,0.005,0,correcto
crc32,4,32,64,1.0,0.005,0,correcto
crc32,4,32,64,1.0,0.005,0,correcto
crc32,4,32,64,1.0,0.005,1,detectado
crc32,4,32,64,1.0,0.005,0,correcto
crc32,4,32,64,1.0,0.005,0,correcto
crc32,4,32,64,1.0,0.005,1,detectado
crc32,4,32,64,1.0,0.005,0,correcto
crc32,4,32,64,1.0,0.005,1,detectado
crc32,4,32,64,1.0,0.005,0,correcto
crc32,4,32,64,1.0,0.005,0,correcto
crc32,4,32,64,1.0,0.005,0,correcto
crc32,4,32,64,1.0,0.005,0,correcto
crc32,4,32,64,1.0,0.005,1,detectado
crc32,4,32,64,1.0,0.005,0,correcto
crc32,4,32,64,1.0,0.01,0,correcto
crc32,4,32,64,1.0,0.01,0,correcto
crc32,4,32,64,1.0,0.01,0,correcto
crc32,4,32,64,1.0,0.01,1,detectado
crc32,4,32,64,1.0,0.01,2,detectado
crc32,4,32,64,1.0,0.01,1,detectado
crc32,4,32,64,1.0,0.01,2,detectado
crc32,4,32,64,1.0,0.01,0,correcto
crc32,4,32,64,1.0,0.01,0,correcto
crc32,4,32,64,1.0,0.01,0,correcto
crc32,4,32,64,1.0,0.01,0,correcto
crc32,4,32,64,1.0,0.01,0,correcto
crc32,4,32,64,1.0,0.01,0,correcto
crc32,4,32,64,1.0,0.01,0,correcto
crc32,4,32,64,1.0,0.01,1,detectado
crc32,4,32,64,1.0,0.01,1,detectado
crc32,4,32,64,1.0,0.01,0,correcto
crc32,4,32,64,1.0,0.01,1,detectado
crc32,4,32,64,1.0,0.01,0,correcto
crc32,4,32,64,1.0,0.01,0,correcto
crc32,4,32,64,1.0,0.01,0,correcto
crc32,4,32,64,1.0,0.01,0,correcto
crc32,4,32,64,1.0,0.01,0,correcto
crc32,4,32,64,1.0,0.01,1,detectado
crc32,4,32,64,1.0,0.01,0,correcto
crc32,4,32,64,1.0,0.01,1,detectado
crc32,4,32,64,1.0,0.01,2,detectado
crc32,4,32,64,1.0,0.01,0,correcto
crc32,4,32,64,1.0,0.01,1,detectado
crc32,4,32,64,1.0,0.01,0,correcto
crc32,4,32,64,1.0,0.01,0,correcto
crc32,4,32,64,1.0,0.01,0,correcto
crc32,4,32,64,1.0,0.01,0,correcto
crc32,4,32,64,1.0,0.01,1,detectado
crc32,4,32,64,1.0,0.01,1,detectado
crc32,4,32,64,1.0,0.01,2,detectado
crc32,4,32,64,1.0,0.01,1,detectado
crc32,4,32,64,1.0,0.01,0,correcto
crc32,4,32,64,1.0,0.01,0,correcto
crc32,4,32,64,1.0,0.01,1,detectado
crc32,4,32,64,1.0,0.01,0,correcto
crc32,4,32,64,1.0,0.01,1,detectado
crc32,4,32,64,1.0,0.01,2,detectado
crc32,4,32,64,1.0,0.01,1,detectado
crc32,4,32,64,1.0,0.01,0,correcto
crc32,4,32,64,1.0,0.01,0,correcto
crc32,4,32,64,1.0,0.01,1,detectado
crc32,4,32,64,1.0,0.01,3,detectado
crc32,4,32,64,1.0,0.01,0,correcto
crc32,4,32,64,1.0,0.01,2,detectado
crc32,4,32,64,1.0,0.01,0,correcto
crc32,4,32,64,1.0,0.01,1,detectado
crc32,4,32,64,1.0,0.01,0,correcto
crc32,4,32,64,1.0,0.01,1,detectado
crc32,4,32,64,1.0,0.01,1,detectado
crc32,4,32,64,1.0,0.01,1,detectado
crc32,4,32,64,1.0,0.01,0,correcto
crc32,4,32,64,1.0,0.01,1,detectado
crc32,4,32,64,1.0,0.01,0,correcto
crc32,4,32,64,1.0,0.01,0,correcto
crc32,4,32,64,1.0,0.01,2,detectado
crc32,4,32,64,1.0,0.01,1,detectado
crc32,4,32,64,1.0,0.01,4,detectado
crc32,4,32,64,1.0,0.01,2,detectado
crc32,4,32,64,1.0,0.01,0,correcto
crc32,4,32,64,1.0,0.01,1,detectado
crc32,4,32,64,1.0,0.01,0,correcto
crc32,4,32,64,1.0,0.01,0,correcto
crc32,4,32,64,1.0,0.01,1,detectado
crc32,4,32,64,1.0,0.01,0,correcto
crc32,4,32,64,1.0,0.01,1,detectado
crc32,4,32,64,1.0,0.01,0,correcto
crc32,4,32,64,1.0,0.01,0,correcto
crc32,4,32,64,1.0,0.01,0,correcto
crc32,4,32,64,1.0,0.01,1,detectado
crc32,4,32,64,1.0,0.01,0,correcto
crc32,4,32,64,1.0,0.01,0,correcto
crc32,4,32,64,1.0,0.01,0,correcto
crc32,4,32,64,1.0,0.01,0,correcto
crc32,4,32,64,1.0,0.01,0,correcto
crc32,4,32,64,1.0,0.01,0,correcto
crc32,4,32,64,1.0,0.01,1,detectado
crc32,4,32,64,1.0,0.01,1,detectado
crc32,4,32,64,1.0,0.01,0,correcto
crc32,4,32,64,1.0,0.01,2,detectado
crc32,4,32,64,1.0,0.01,2,detectado
crc32,4,32,64,1.0,0.01,0,correcto
crc32,4,32,64,1.0,0.01,0,correcto
crc32,4,32,64,1.0,0.01,0,correcto
crc32,4,32,64,1.0,0.01,3,detectado
crc32,4,32,64,1.0,0.01,0,correcto
crc32,4,32,64,1.0,0.01,0,correcto
crc32,4,32,64,1.0,0.01,0,correcto
crc32,4,32,64,1.0,0.01,0,correcto
crc32,4,32,64,1.0,0.01,0,correcto
crc32,4,32,64,1.0,0.01,1,detectado
crc32,4,32,64,1.0,0.01,1,detectado
crc32,4,32,64,1.0,0.01,1,detectado
crc32,4,32,64,1.0,0.01,1,detectado
crc32,4,32,64,1.0,0.01,0,correcto
crc32,4,32,64,1.0,0.02,1,detectado
crc32,4,32,64,1.0,0.02,2,detectado
crc32,4,32,64,1.0,0.02,2,detectado
crc32,4,32,64,1.0,0.02,0,correcto
crc32,4,32,64,1.0,0.02,3,detectado
crc32,4,32,64,1.0,0.02,0,correcto
crc32,4,32,64,1.0,0.02,1,detectado
crc32,4,32,64,1.0,0.02,0,correcto
crc32,4,32,64,1.0,0.02,1,detectado
crc32,4,32,64,1.0,0.02,2,detectado
crc32,4,32,64,1.0,0.02,0,correcto
crc32,4,32,64,1.0,0.02,2,detectado
crc32,4,32,64,1.0,0.02,1,detectado
crc32,4,32,64,1.0,0.02,2,detectado
crc32,4,32,64,1.0,0.02,0,correcto
crc32,4,32,64,1.0,0.02,0,correcto
crc32,4,32,64,1.0,0.02,2,detectado
crc32,4,32,64,1.0,0.02,0,correcto
crc32,4,32,64,1.0,0.02,2,detectado
crc32,4,32,64,1.0,0.02,2,detectado
crc32,4,32,64,1.0,0.02,2,detectado
crc32,4,32,64,1.0,0.02,1,detectado
crc32,4,32,64,1.0,0.02,0,correcto
crc32,4,32,64,1.0,0.02,2,detectado
crc32,4,32,64,1.0,0.02,2,detectado
crc32,4,32,64,1.0,0.02,1,detectado
crc32,4,32,64,1.0,0.02,2,detectado
crc32,4,32,64,1.0,0.02,0,correcto
crc32,4,32,64,1.0,0.02,2,detectado
crc32,4,32,64,1.0,0.02,0,correcto
crc32,4,32,64,1.0,0.02,0,correcto
crc32,4,32,64,1.0,0.02,2,detectado
crc32,4,32,64,1.0,0.02,2,detectado
crc32,4,32,64,1.0,0.02,4,detectado
crc32,4,32,64,1.0,0.02,1,detectado
crc32,4,32,64,1.0,0.02,2,detectado
crc32,4,32,64,1.0,0.02,1,detectado
crc32,4,32,64,1.0,0.02,1,detectado
crc32,4,32,64,1.0,0.02,2,detectado
crc32,4,32,64,1.0,0.02,1,detectado
crc32,4,32,64,1.0,0.02,0,correcto
crc32,4,32,64,1.0,0.02,0,correcto
crc32,4,32,64,1.0,0.02,1,detectado
crc32,4,32,64,1.0,0.02,1,detectado
crc32,4,32,64,1.0,0.02,0,correcto
crc32,4,32,64,1.0,0.02,0,correcto
crc32,4,32,64,1.0,0.02,2,detectado
crc32,4,32,64,1.0,0.02,0,correcto
crc32,4,32,64,1.0,0.02,1,detectado
crc32,4,32,64,1.0,0.02,1,detectado
crc32,4,32,64,1.0,0.02,2,detectado
crc32,4,32,64,1.0,0.02,0,correcto
crc32,4,32,64,1.0,0.02,2,detectado
crc32,4,32,64,1.0,0.02,2,detectado
crc32,4,32,64,1.0,0.02,3,detectado
crc32,4,32,64,1.0,0.02,0,correcto
crc32,4,32,64,1.0,0.02,0,correcto
crc32,4,32,64,1.0,0.02,3,detectado
crc32,4,32,64,1.0,0.02,1,detectado
crc32,4,32,64,1.0,0.02,3,detectado
crc32,4,32,64,1.0,0.02,0,correcto
crc32,4,32,64,1.0,0.02,1,detectado
crc32,4,32,64,1.0,0.02,0,correcto
crc32,4,32,64,1.0,0.02,0,correcto
crc32,4,32,64,1.0,0.02,4,detectado
crc32,4,32,64,1.0,0.02,2,detectado
crc32,4,32,64,1.0,0.02,2,detectado
crc32,4,32,64,1.0,0.02,0,correcto
crc32,4,32,64,1.0,0.02,0,correcto
crc32,4,32,64,1.0,0.02,1,detectado
crc32,4,32,64,1.0,0.02,2,detectado
crc32,4,32,64,1.0,0.02,0,correcto
crc32,4,32,64,1.0,0.02,3,detectado
crc32,4,32,64,1.0,0.02,0,correcto
crc32,4,32,64,1.0,0.02,3,detectado
crc32,4,32,64,1.0,0.02,2,detectado
crc32,4,32,64,1.0,0.02,3,detectado
crc32,4,32,64,1.0,0.02,1,detectado
crc32,4,32,64,1.0,0.02,0,correcto
crc32,4,32,64,1.0,0.02,3,detectado
crc32,4,32,64,1.0,0.02,0,correcto
crc32,4,32,64,1.0,0.02,1,detectado
crc32,4,32,64,1.0,0.02,1,detectado
crc32,4,32,64,1.0,0.02,1,detectado
crc32,4,32,64,1.0,0.02,2,detectado
crc32,4,32,64,1.0,0.02,3,detectado
crc32,4,32,64,1.0,0.02,1,detectado
crc32,4,32,64,1.0,0.02,1,detectado
crc32,4,32,64,1.0,0.02,1,detectado
crc32,4,32,64,1.0,0.02,3,detectado
crc32,4,32,64,1.0,0.02,0,correcto
crc32,4,32,64,1.0,0.02,0,correcto
crc32,4,32,64,1.0,0.02,3,detectado
crc32,4,32,64,1.0,0.02,3,detectado
crc32,4,32,64,1.0,0.02,0,correcto
crc32,4,32,64,1.0,0.02,3,detectado
crc32,4,32,64,1.0,0.02,2,detectado
crc32,4,32,64,1.0,0.02,0,correcto
crc32,4,32,64,1.0,0.02,0,correcto
crc32,4,32,64,1.0,0.02,2,detectado
crc32,4,32,64,1.0,0.05,2,detectado
crc32,4,32,64,1.0,0.05,6,detectado
crc32,4,32,64,1.0,0.05,4,detectado
crc32,4,32,64,1.0,0.05,4,detectado
crc32,4,32,64,1.0,0.05,6,detectado
crc32,4,32,64,1.0,0.05,2,detectado
crc32,4,32,64,1.0,0.05,3,detectado
crc32,4,32,64,1.0,0.05,3,detectado
crc32,4,32,64,1.0,0.05,4,detectado
crc32,4,32,64,1.0,0.05,1,detectado
crc32,4,32,64,1.0,0.05,1,detectado
crc32,4,32,64,1.0,0.05,4,detectado
crc32,4,32,64,1.0,0.05,2,detectado
crc32,4,32,64,1.0,0.05,4,detectado
crc32,4,32,64,1.0,0.05,5,detectado
crc32,4,32,64,1.0,0.05,2,detectado
crc32,4,32,64,1.0,0.05,2,detectado
crc32,4,32,64,1.0,0.05,7,detectado
crc32,4,32,64,1.0,0.05,8,detectado
crc32,4,32,64,1.0,0.05,2,detectado
crc32,4,32,64,1.0,0.05,2,detectado
crc32,4,32,64,1.0,0.05,2,detectado
crc32,4,32,64,1.0,0.05,2,detectado
crc32,4,32,64,1.0,0.05,5,detectado
crc32,4,32,64,1.0,0.05,1,detectado
crc32,4,32,64,1.0,0.05,10,detectado
crc32,4,32,64,1.0,0.05,3,detectado
crc32,4,32,64,1.0,0.05,2,detectado
crc32,4,32,64,1.0,0.05,3,detectado
crc32,4,32,64,1.0,0.05,1,detectado
crc32,4,32,64,1.0,0.05,4,detectado
crc32,4,32,64,1.0,0.05,3,detectado
crc32,4,32,64,1.0,0.05,3,detectado
crc32,4,32,64,1.0,0.05,3,detectado
crc32,4,32,64,1.0,0.05,2,detectado
crc32,4,32,64,1.0,0.05,6,detectado
crc32,4,32,64,1.0,0.05,1,detectado
crc32,4,32,64,1.0,0.05,2,detectado
crc32,4,32,64,1.0,0.05,5,detectado
crc32,4,32,64,1.0,0.05,5,detectado
crc32,4,32,64,1.0,0.05,2,detectado
crc32,4,32,64,1.0,0.05,4,detectado
crc32,4,32,64,1.0,0.05,3,detectado
crc32,4,32,64,1.0,0.05,3,detectado
crc32,4,32,64,1.0,0.05,1,detectado
crc32,4,32,64,1.0,0.05,5,detectado
crc32,4,32,64,1.0,0.05,1,detectado
crc32,4,32,64,1.0,0.05,2,detectado
crc32,4,32,64,1.0,0.05,4,detectado
crc32,4,32,64,1.0,0.05,3,detectado
crc32,4,32,64,1.0,0.05,1,detectado
crc32,4,32,64,1.0,0.05,5,detectado
crc32,4,32,64,1.0,0.05,1,detectado
crc32,4,32,64,1.0,0.05,0,correcto
crc32,4,32,64,1.0,0.05,3,detectado
crc32,4,32,64,1.0,0.05,5,detectado
crc32,4,32,64,1.0,0.05,5,detectado
crc32,4,32,64,1.0,0.05,3,detectado
crc32,4,32,64,1.0,0.05,4,detectado
crc32,4,32,64,1.0,0.05,5,detectado
crc32,4,32,64,1.0,0.05,3,detectado
crc32,4,32,64,1.0,0.05,3,detectado
crc32,4,32,64,1.0,0.05,3,detectado
crc32,4,32,64,1.0,0.05,3,detectado
crc32,4,32,64,1.0,0.05,1,detectado
crc32,4,32,64,1.0,0.05,1,detectado
crc32,4,32,64,1.0,0.05,5,detectado
crc32,4,32,64,1.0,0.05,2,detectado
crc32,4,32,64,1.0,0.05,1,detectado
crc32,4,32,64,1.0,0.05,5,detectado
crc32,4,32,64,1.0,0.05,2,detectado
crc32,4,32,64,1.0,0.05,2,detectado
crc32,4,32,64,1.0,0.05,4,detectado
crc32,4,32,64,1.0,0.05,1,detectado
crc32,4,32,64,1.0,0.05,3,detectado
crc32,4,32,64,1.0,0.05,1,detectado
crc32,4,32,64,1.0,0.05,3,detectado
crc32,4,32,64,1.0,0.05,2,detectado
crc32,4,32,64,1.0,0.05,1,detectado
crc32,4,32,64,1.0,0.05,2,detectado
crc32,4,32,64,1.0,0.05,3,detectado
crc32,4,32,64,1.0,0.05,6,detectado
crc32,4,32,64,1.0,0.05,4,detectado
crc32,4,32,64,1.0,0.05,4,detectado
crc32,4,32,64,1.0,0.05,3,detectado
crc32,4,32,64,1.0,0.05,2,detectado
crc32,4,32,64,1.0,0.05,0,correcto
crc32,4,32,64,1.0,0.05,6,detectado
crc32,4,32,64,1.0,0.05,3,detectado
crc32,4,32,64,1.0,0.05,3,detectado
crc32,4,32,64,1.0,0.05,5,detectado
crc32,4,32,64,1.0,0.05,1,detectado
crc32,4,32,64,1.0,0.05,5,detectado
crc32,4,32,64,1.0,0.05,3,detectado
crc32,4,32,64,1.0,0.05,2,detectado
crc32,4,32,64,1.0,0.05,2,detectado
crc32,4,32,64,1.0,0.05,1,detectado
crc32,4,32,64,1.0,0.05,4,detectado
crc32,4,32,64,1.0,0.05,3,detectado
crc32,4,32,64,1.0,0.05,2,detectado
crc32,16,128,160,0.25,0.0,0,correcto
crc32,16,128,160,0.25,0.0,0,correcto
crc32,16,128,160,0.25,0.0,0,correcto
crc32,16,128,160,0.25,0.0,0,correcto
crc32,16,128,160,0.25,0.0,0,correcto
crc32,16,128,160,0.25,0.0,0,correcto
crc32,16,128,160,0.25,0.0,0,correcto
crc32,16,128,160,0.25,0.0,0,correcto
crc32,16,128,160,0.25,0.0,0,correcto
crc32,16,128,160,0.25,0.0,0,correcto
crc32,16,128,160,0.25,0.0,0,correcto
crc32,16,128,160,0.25,0.0,0,correcto
crc32,16,128,160,0.25,0.0,0,correcto
crc32,16,128,160,0.25,0.0,0,correcto
crc32,16,128,160,0.25,0.0,0,correcto
crc32,16,128,160,0.25,0.0,0,correcto
crc32,16,128,160,0.25,0.0,0,correcto
crc32,16,128,160,0.25,0.0,0,correcto
crc32,16,128,160,0.25,0.0,0,correcto
crc32,16,128,160,0.25,0.0,0,correcto
crc32,16,128,160,0.25,0.0,0,correcto
crc32,16,128,160,0.25,0.0,0,correcto
crc32,16,128,160,0.25,0.0,0,correcto
crc32,16,128,160,0.25,0.0,0,correcto
crc32,16,128,160,0.25,0.0,0,correcto
crc32,16,128,160,0.25,0.0,0,correcto
crc32,16,128,160,0.25,0.0,0,correcto
crc32,16,128,160,0.25,0.0,0,correcto
crc32,16,128,160,0.25,0.0,0,correcto
crc32,16,128,160,0.25,0.0,0,correcto
crc32,16,128,160,0.25,0.0,0,correcto
crc32,16,128,160,0.25,0.0,0,correcto
crc32,16,128,160,0.25,0.0,0,correcto
crc32,16,128,160,0.25,0.0,0,correcto
crc32,16,128,160,0.25,0.0,0,correcto
crc32,16,128,160,0.25,0.0,0,correcto
crc32,16,128,160,0.25,0.0,0,correcto
crc32,16,128,160,0.25,0.0,0,correcto
crc32,16,128,160,0.25,0.0,0,correcto
crc32,16,128,160,0.25,0.0,0,correcto
crc32,16,128,160,0.25,0.0,0,correcto
crc32,16,128,160,0.25,0.0,0,correcto
crc32,16,128,160,0.25,0.0,0,correcto
crc32,16,128,160,0.25,0.0,0,correcto
crc32,16,128,160,0.25,0.0,0,correcto
crc32,16,128,160,0.25,0.0,0,correcto
crc32,16,128,160,0.25,0.0,0,correcto
crc32,16,128,160,0.25,0.0,0,correcto
crc32,16,128,160,0.25,0.0,0,correcto
crc32,16,128,160,0.25,0.0,0,correcto
crc32,16,128,160,0.25,0.0,0,correcto
crc32,16,128,160,0.25,0.0,0,correcto
crc32,16,128,160,0.25,0.0,0,correcto
crc32,16,128,160,0.25,0.0,0,correcto
crc32,16,128,160,0.25,0.0,0,correcto
crc32,16,128,160,0.25,0.0,0,correcto
crc32,16,128,160,0.25,0.0,0,correcto
crc32,16,128,160,0.25,0.0,0,correcto
crc32,16,128,160,0.25,0.0,0,correcto
crc32,16,128,160,0.25,0.0,0,correcto
crc32,16,128,160,0.25,0.0,0,correcto
crc32,16,128,160,0.25,0.0,0,correcto
crc32,16,128,160,0.25,0.0,0,correcto
crc32,16,128,160,0.25,0.0,0,correcto
crc32,16,128,160,0.25,0.0,0,correcto
crc32,16,128,160,0.25,0.0,0,correcto
crc32,16,128,160,0.25,0.0,0,correcto
crc32,16,128,160,0.25,0.0,0,correcto
crc32,16,128,160,0.25,0.0,0,correcto
crc32,16,128,160,0.25,0.0,0,correcto
crc32,16,128,160,0.25,0.0,0,correcto
crc32,16,128,160,0.25,0.0,0,correcto
crc32,16,128,160,0.25,0.0,0,correcto
crc32,16,128,160,0.25,0.0,0,correcto
crc32,16,128,160,0.25,0.0,0,correcto
crc32,16,128,160,0.25,0.0,0,correcto
crc32,16,128,160,0.25,0.0,0,correcto
crc32,16,128,160,0.25,0.0,0,correcto
crc32,16,128,160,0.25,0.0,0,correcto
crc32,16,128,160,0.25,0.0,0,correcto
crc32,16,128,160,0.25,0.0,0,correcto
crc32,16,128,160,0.25,0.0,0,correcto
crc32,16,128,160,0.25,0.0,0,correcto
crc32,16,128,160,0.25,0.0,0,correcto
crc32,16,128,160,0.25,0.0,0,correcto
crc32,16,128,160,0.25,0.0,0,correcto
crc32,16,128,160,0.25,0.0,0,correcto
crc32,16,128,160,0.25,0.0,0,correcto
crc32,16,128,160,0.25,0.0,0,correcto
crc32,16,128,160,0.25,0.0,0,correcto
crc32,16,128,160,0.25,0.0,0,correcto
crc32,16,128,160,0.25,0.0,0,correcto
crc32,16,128,160,0.25,0.0,0,correcto
crc32,16,128,160,0.25,0.0,0,correcto
crc32,16,128,160,0.25,0.0,0,correcto
crc32,16,128,160,0.25,0.0,0,correcto
crc32,16,128,160,0.25,0.0,0,correcto
crc32,16,128,160,0.25,0.0,0,correcto
crc32,16,128,160,0.25,0.0,0,correcto
crc32,16,128,160,0.25,0.0,0,correcto
crc32,16,128,160,0.25,0.0005,0,correcto
crc32,16,128,160,0.25,0.0005,0,correcto
crc32,16,128,160,0.25,0.0005,0,correcto
crc32,16,128,160,0.25,0.0005,0,correcto
crc32,16,128,160,0.25,0.0005,0,correcto
crc32,16,128,160,0.25,0.0005,0,correcto
crc32,16,128,160,0.25,0.0005,0,correcto
crc32,16,128,160,0.25,0.0005,1,detectado
crc32,16,128,160,0.25,0.0005,0,correcto
crc32,16,128,160,0.25,0.0005,0,correcto
crc32,16,128,160,0.25,0.0005,0,correcto
crc32,16,128,160,0.25,0.0005,0,correcto
crc32,16,128,160,0.25,0.0005,1,detectado
crc32,16,128,160,0.25,0.0005,0,correcto
crc32,16,128,160,0.25,0.0005,0,correcto
crc32,16,128,160,0.25,0.0005,0,correcto
crc32,16,128,160,0.25,0.0005,0,correcto
crc32,16,128,160,0.25,0.0005,0,correcto
crc32,16,128,160,0.25,0.0005,0,correcto
crc32,16,128,160,0.25,0.0005,0,correcto
crc32,16,128,160,0.25,0.0005,0,correcto
crc32,16,128,160,0.25,0.0005,0,correcto
crc32,16,128,160,0.25,0.0005,0,correcto
crc32,16,128,160,0.25,0.0005,0,correcto
crc32,16,128,160,0.25,0.0005,0,correcto
crc32,16,128,160,0.25,0.0005,0,correcto
crc32,16,128,160,0.25,0.0005,0,correcto
crc32,16,128,160,0.25,0.0005,0,correcto
crc32,16,128,160,0.25,0.0005,0,correcto
crc32,16,128,160,0.25,0.0005,0,correcto
crc32,16,128,160,0.25,0.0005,0,correcto
crc32,16,128,160,0.25,0.0005,0,correcto
crc32,16,128,160,0.25,0.0005,0,correcto
crc32,16,128,160,0.25,0.0005,0,correcto
crc32,16,128,160,0.25,0.0005,0,correcto
crc32,16,128,160,0.25,0.0005,0,correcto
crc32,16,128,160,0.25,0.0005,0,correcto
crc32,16,128,160,0.25,0.0005,0,correcto
crc32,16,128,160,0.25,0.0005,0,correcto
crc32,16,128,160,0.25,0.0005,0,correcto
crc32,16,128,160,0.25,0.0005,0,correcto
crc32,16,128,160,0.25,0.0005,0,correcto
crc32,16,128,160,0.25,0.0005,0,correcto
crc32,16,128,160,0.25,0.0005,0,correcto
crc32,16,128,160,0.25,0.0005,0,correcto
crc32,16,128,160,0.25,0.0005,0,correcto
crc32,16,128,160,0.25,0.0005,0,correcto
crc32,16,128,160,0.25,0.0005,0,correcto
crc32,16,128,160,0.25,0.0005,0,correcto
crc32,16,128,160,0.25,0.0005,0,correcto
crc32,16,128,160,0.25,0.0005,0,correcto
crc32,16,128,160,0.25,0.0005,0,correcto
crc32,16,128,160,0.25,0.0005,1,detectado
crc32,16,128,160,0.25,0.0005,0,correcto
crc32,16,128,160,0.25,0.0005,1,detectado
crc32,16,128,160,0.25,0.0005,0,correcto
crc32,16,128,160,0.25,0.0005,0,correcto
crc32,16,128,160,0.25,0.0005,0,correcto
crc32,16,128,160,0.25,0.0005,0,correcto
crc32,16,128,160,0.25,0.0005,0,correcto
crc32,16,128,160,0.25,0.0005,0,correcto
crc32,16,128,160,0.25,0.0005,0,correcto
crc32,16,128,160,0.25,0.0005,0,correcto
crc32,16,128,160,0.25,0.0005,0,correcto
crc32,16,128,160,0.25,0.0005,0,correcto
crc32,16,128,160,0.25,0.0005,0,correcto
crc32,16,128,160,0.25,0.0005,0,correcto
crc32,16,128,160,0.25,0.0005,0,correcto
crc32,16,128,160,0.25,0.0005,0,correcto
crc32,16,128,160,0.25,0.0005,0,correcto
crc32,16,128,160,0.25,0.0005,1,detectado
crc32,16,128,160,0.25,0.0005,0,correcto
crc32,16,128,160,0.25,0.0005,0,correcto
crc32,16,128,160,0.25,0.0005,0,correcto
crc32,16,128,160,0.25,0.0005,0,correcto
crc32,16,128,160,0.25,0.0005,1,detectado
crc32,16,128,160,0.25,0.0005,0,correcto
crc32,16,128,160,0.25,0.0005,0,correcto
crc32,16,128,160,0.25,0.0005,1,detectado
crc32,16,128,160,0.25,0.0005,1,detectado
crc32,16,128,160,0.25,0.0005,0,correcto
crc32,16,128,160,0.25,0.0005,0,correcto
crc32,16,128,160,0.25,0.0005,0,correcto
crc32,16,128,160,0.25,0.0005,0,correcto
crc32,16,128,160,0.25,0.0005,0,correcto
crc32,16,128,160,0.25,0.0005,0,correcto
crc32,16,128,160,0.25,0.0005,0,correcto
crc32,16,128,160,0.25,0.0005,0,correcto
crc32,16,128,160,0.25,0.0005,0,correcto
crc32,16,128,160,0.25,0.0005,0,correcto
crc32,16,128,160,0.25,0.0005,0,correcto
crc32,16,128,160,0.25,0.0005,0,correcto
crc32,16,128,160,0.25,0.0005,0,correcto
crc32,16,128,160,0.25,0.0005,0,correcto
crc32,16,128,160,0.25,0.0005,0,correcto
crc32,16,128,160,0.25,0.0005,0,correcto
crc32,16,128,160,0.25,0.0005,0,correcto
crc32,16,128,160,0.25,0.0005,1,detectado
crc32,16,128,160,0.25,0.0005,0,correcto
crc32,16,128,160,0.25,0.0005,0,correcto
crc32,16,128,160,0.25,0.001,0,correcto
crc32,16,128,160,0.25,0.001,0,correcto
crc32,16,128,160,0.25,0.001,0,correcto
crc32,16,128,160,0.25,0.001,0,correcto
crc32,16,128,160,0.25,0.001,0,correcto
crc32,16,128,160,0.25,0.001,0,correcto
crc32,16,128,160,0.25,0.001,0,correcto
crc32,16,128,160,0.25,0.001,0,correcto
crc32,16,128,160,0.25,0.001,0,correcto
crc32,16,128,160,0.25,0.001,0,correcto
crc32,16,128,160,0.25,0.001,0,correcto
crc32,16,128,160,0.25,0.001,0,correcto
crc32,16,128,160,0.25,0.001,0,correcto
crc32,16,128,160,0.25,0.001,0,correcto
crc32,16,128,160,0.25,0.001,0,correcto
crc32,16,128,160,0.25,0.001,0,correcto
crc32,16,128,160,0.25,0.001,1,detectado
crc32,16,128,160,0.25,0.001,0,correcto
crc32,16,128,160,0.25,0.001,0,correcto
crc32,16,128,160,0.25,0.001,0,correcto
crc32,16,128,160,0.25,0.001,0,correcto
crc32,16,128,160,0.25,0.001,0,correcto
crc32,16,128,160,0.25,0.001,0,correcto
crc32,16,128,160,0.25,0.001,0,correcto
crc32,16,128,160,0.25,0.001,0,correcto
crc32,16,128,160,0.25,0.001,0,correcto
crc32,16,128,160,0.25,0.001,0,correcto
crc32,16,128,160,0.25,0.001,0,correcto
crc32,16,128,160,0.25,0.001,0,correcto
crc32,16,128,160,0.25,0.001,0,correcto
crc32,16,128,160,0.25,0.001,0,correcto
crc32,16,128,160,0.25,0.001,0,correcto
crc32,16,128,160,0.25,0.001,0,correcto
crc32,16,128,160,0.25,0.001,0,correcto
crc32,16,128,160,0.25,0.001,0,correcto
crc32,16,128,160,0.25,0.001,0,correcto
crc32,16,128,160,0.25,0.001,1,detectado
crc32,16,128,160,0.25,0.001,0,correcto
crc32,16,128,160,0.25,0.001,1,detectado
crc32,16,128,160,0.25,0.001,0,correcto
crc32,16,128,160,0.25,0.001,0,correcto
crc32,16,128,160,0.25,0.001,0,correcto
crc32,16,128,160,0.25,0.001,0,correcto
crc32,16,128,160,0.25,0.001,0,correcto
crc32,16,128,160,0.25,0.001,0,correcto
crc32,16,128,160,0.25,0.001,0,correcto
crc32,16,128,160,0.25,0.001,0,correcto
crc32,16,128,160,0.25,0.001,0,correcto
crc32,16,128,160,0.25,0.001,0,correcto
crc32,16,128,160,0.25,0.001,0,correcto
crc32,16,128,160,0.25,0.001,0,correcto
crc32,16,128,160,0.25,0.001,2,detectado
crc32,16,128,160,0.25,0.001,0,correcto
crc32,16,128,160,0.25,0.001,0,correcto
crc32,16,128,160,0.25,0.001,0,correcto
crc32,16,128,160,0.25,0.001,0,correcto
crc32,16,128,160,0.25,0.001,0,correcto
crc32,16,128,160,0.25,0.001,0,correcto
crc32,16,128,160,0.25,0.001,0,correcto
crc32,16,128,160,0.25,0.001,0,correcto
crc32,16,128,160,0.25,0.001,0,correcto
crc32,16,128,160,0.25,0.001,0,correcto
crc32,16,128,160,0.25,0.001,0,correcto
crc32,16,128,160,0.25,0.001,0,correcto
crc32,16,128,160,0.25,0.001,0,correcto
crc32,16,128,160,0.25,0.001,0,correcto
crc32,16,128,160,0.25,0.001,0,correcto
crc32,16,128,160,0.25,0.001,0,correcto
crc32,16,128,160,0.25,0.001,0,correcto
crc32,16,128,160,0.25,0.001,1,detectado
crc32,16,128,160,0.25,0.001,0,correcto
crc32,16,128,160,0.25,0.001,0,correcto
crc32,16,128,160,0.25,0.001,0,correcto
crc32,16,128,160,0.25,0.001,0,correcto
crc32,16,128,160,0.25,0.001,0,correcto
crc32,16,128,160,0.25,0.001,1,detectado
crc32,16,128,160,0.25,0.001,0,correcto
crc32,16,128,160,0.25,0.001,0,correcto
crc32,16,128,160,0.25,0.001,1,detectado
crc32,16,128,160,0.25,0.001,0,correcto
crc32,16,128,160,0.25,0.001,0,correcto
crc32,16,128,160,0.25,0.001,0,correcto
crc32,16,128,160,0.25,0.001,0,correcto
crc32,16,128,160,0.25,0.001,1,detectado
crc32,16,128,160,0.25,0.001,1,detectado
crc32,16,128,160,0.25,0.001,0,correcto
crc32,16,128,160,0.25,0.001,0,correcto
crc32,16,128,160,0.25,0.001,0,correcto
crc32,16,128,160,0.25,0.001,0,correcto
crc32,16,128,160,0.25,0.001,2,detectado
crc32,16,128,160,0.25,0.001,0,correcto
crc32,16,128,160,0.25,0.001,0,correcto
crc32,16,128,160,0.25,0.001,0,correcto
crc32,16,128,160,0.25,0.001,0,correcto
crc32,16,128,160,0.25,0.001,0,correcto
crc32,16,128,160,0.25,0.001,0,correcto
crc32,16,128,160,0.25,0.001,0,correcto
crc32,16,128,160,0.25,0.001,0,correcto
crc32,16,128,160,0.25,0.001,0,correcto
crc32,16,128,160,0.25,0.001,1,detectado
crc32,16,128,160,0.25,0.005,1,detectado
crc32,16,128,160,0.25,0.005,1,detectado
crc32,16,128,160,0.25,0.005,1,detectado
crc32,16,128,160,0.25,0.005,1,detectado
crc32,16,128,160,0.25,0.005,2,detectado
crc32,16,128,160,0.25,0.005,1,detectado
crc32,16,128,160,0.25,0.005,1,detectado
crc32,16,128,160,0.25,0.005,0,correcto
crc32,16,128,160,0.25,0.005,1,detectado
crc32,16,128,160,0.25,0.005,0,correcto
crc32,16,128,160,0.25,0.005,1,detectado
crc32,16,128,160,0.25,0.005,2,detectado
crc32,16,128,160,0.25,0.005,1,detectado
crc32,16,128,160,0.25,0.005,0,correcto
crc32,16,128,160,0.25,0.005,1,detectado
crc32,16,128,160,0.25,0.005,0,correcto
crc32,16,128,160,0.25,0.005,2,detectado
crc32,16,128,160,0.25,0.005,0,correcto
crc32,16,128,160,0.25,0.005,2,detectado
crc32,16,128,160,0.25,0.005,0,correcto
crc32,16,128,160,0.25,0.005,0,correcto
crc32,16,128,160,0.25,0.005,0,correcto
crc32,16,128,160,0.25,0.005,0,correcto
crc32,16,128,160,0.25,0.005,3,detectado
crc32,16,128,160,0.25,0.005,0,correcto
crc32,16,128,160,0.25,0.005,2,detectado
crc32,16,128,160,0.25,0.005,0,correcto
crc32,16,128,160,0.25,0.005,0,correcto
crc32,16,128,160,0.25,0.005,1,detectado
crc32,16,128,160,0.25,0.005,0,correcto
crc32,16,128,160,0.25,0.005,0,correcto
crc32,16,128,160,0.25,0.005,1,detectado
crc32,16,128,160,0.25,0.005,0,correcto
crc32,16,128,160,0.25,0.005,0,correcto
crc32,16,128,160,0.25,0.005,1,detectado
crc32,16,128,160,0.25,0.005,2,detectado
crc32,16,128,160,0.25,0.005,4,detectado
crc32,16,128,160,0.25,0.005,0,correcto
crc32,16,128,160,0.25,0.005,1,detectado
crc32,16,128,160,0.25,0.005,2,detectado
crc32,16,128,160,0.25,0.005,1,detectado
crc32,16,128,160,0.25,0.005,0,correcto
crc32,16,128,160,0.25,0.005,2,detectado
crc32,16,128,160,0.25,0.005,3,detectado
crc32,16,128,160,0.25,0.005,3,detectado
crc32,16,128,160,0.25,0.005,1,detectado
crc32,16,128,160,0.25,0.005,1,detectado
crc32,16,128,160,0.25,0.005,0,correcto
crc32,16,128,160,0.25,0.005,0,correcto
crc32,16,128,160,0.25,0.005,4,detectado
crc32,16,128,160,0.25,0.005,1,detectado
crc32,16,128,160,0.25,0.005,0,correcto
crc32,16,128,160,0.25,0.005,2,detectado
crc32,16,128,160,0.25,0.005,0,correcto
crc32,16,128,160,0.25,0.005,0,correcto
crc32,16,128,160,0.25,0.005,1,detectado
crc32,16,128,160,0.25,0.005,0,correcto
crc32,16,128,160,0.25,0.005,1,detectado
crc32,16,128,160,0.25,0.005,0,correcto
crc32,16,128,160,0.25,0.005,0,correcto
crc32,16,128,160,0.25,0.005,0,correcto
crc32,16,128,160,0.25,0.005,0,correcto
crc32,16,128,160,0.25,0.005,0,correcto
crc32,16,128,160,0.25,0.005,0,correcto
crc32,16,128,160,0.25,0.005,3,detectado
crc32,16,128,160,0.25,0.005,0,correcto
crc32,16,128,160,0.25,0.005,0,correcto
crc32,16,128,160,0.25,0.005,2,detectado
crc32,16,128,160,0.25,0.005,0,correcto
crc32,16,128,160,0.25,0.005,1,detectado
crc32,16,128,160,0.25,0.005,1,detectado
crc32,16,128,160,0.25,0.005,1,detectado
crc32,16,128,160,0.25,0.005,0,correcto
crc32,16,128,160,0.25,0.005,0,correcto
crc32,16,128,160,0.25,0.005,2,detectado
crc32,16,128,160,0.25,0.005,1,detectado
crc32,16,128,160,0.25,0.005,0,correcto
crc32,16,128,160,0.25,0.005,1,detectado
crc32,16,128,160,0.25,0.005,3,detectado
crc32,16,128,160,0.25,0.005,0,correcto
crc32,16,128,160,0.25,0.005,0,correcto
crc32,16,128,160,0.25,0.005,0,correcto
crc32,16,128,160,0.25,0.005,1,detectado
crc32,16,128,160,0.25,0.005,1,detectado
crc32,16,128,160,0.25,0.005,1,detectado
crc32,16,128,160,0.25,0.005,1,detectado
crc32,16,128,160,0.25,0.005,1,detectado
crc32,16,128,160,0.25,0.005,2,detectado
crc32,16,128,160,0.25,0.005,0,correcto
crc32,16,128,160,0.25,0.005,1,detectado
crc32,16,128,160,0.25,0.005,1,detectado
crc32,16,128,160,0.25,0.005,0,correcto
crc32,16,128,160,0.25,0.005,0,correcto
crc32,16,128,160,0.25,0.005,0,correcto
crc32,16,128,160,0.25,0.005,1,detectado
crc32,16,128,160,0.25,0.005,0,correcto
crc32,16,128,160,0.25,0.005,0,correcto
crc32,16,128,160,0.25,0.005,0,correcto
crc32,16,128,160,0.25,0.005,1,detectado
crc32,16,128,160,0.25,0.005,0,correcto
crc32,16,128,160,0.25,0.01,0,correcto
crc32,16,128,160,0.25,0.01,1,detectado
crc32,16,128,160,0.25,0.01,1,detectado
crc32,16,128,160,0.25,0.01,2,detectado
crc32,16,128,160,0.25,0.01,2,detectado
crc32,16,128,160,0.25,0.01,3,detectado
crc32,16,128,160,0.25,0.01,2,detectado
crc32,16,128,160,0.25,0.01,0,correcto
crc32,16,128,160,0.25,0.01,1,detectado
crc32,16,128,160,0.25,0.01,1,detectado
crc32,16,128,160,0.25,0.01,2,detectado
crc32,16,128,160,0.25,0.01,1,detectado
crc32,16,128,160,0.25,0.01,3,detectado
crc32,16,128,160,0.25,0.01,1,detectado
crc32,16,128,160,0.25,0.01,2,detectado
crc32,16,128,160,0.25,0.01,1,detectado
crc32,16,128,160,0.25,0.01,1,detectado
crc32,16,128,160,0.25,0.01,4,detectado
crc32,16,128,160,0.25,0.01,1,detectado
crc32,16,128,160,0.25,0.01,3,detectado
crc32,16,128,160,0.25,0.01,0,correcto
crc32,16,128,160,0.25,0.01,2,detectado
crc32,16,128,160,0.25,0.01,2,detectado
crc32,16,128,160,0.25,0.01,0,correcto
crc32,16,128,160,0.25,0.01,0,correcto
crc32,16,128,160,0.25,0.01,1,detectado
crc32,16,128,160,0.25,0.01,0,correcto
crc32,16,128,160,0.25,0.01,1,detectado
crc32,16,128,160,0.25,0.01,1,detectado
crc32,16,128,160,0.25,0.01,2,detectado
crc32,16,128,160,0.25,0.01,1,detectado
crc32,16,128,160,0.25,0.01,1,detectado
crc32,16,128,160,0.25,0.01,1,detectado
crc32,16,128,160,0.25,0.01,1,detectado
crc32,16,128,160,0.25,0.01,0,correcto
crc32,16,128,160,0.25,0.01,0,correcto
crc32,16,128,160,0.25,0.01,0,correcto
crc32,16,128,160,0.25,0.01,2,detectado
crc32,16,128,160,0.25,0.01,3,detectado
crc32,16,128,160,0.25,0.01,0,correcto
crc32,16,128,160,0.25,0.01,4,detectado
crc32,16,128,160,0.25,0.01,0,correcto
crc32,16,128,160,0.25,0.01,0,correcto
crc32,16,128,160,0.25,0.01,3,detectado
crc32,16,128,160,0.25,0.01,1,detectado
crc32,16,128,160,0.25,0.01,0,correcto
crc32,16,128,160,0.25,0.01,3,detectado
crc32,16,128,160,0.25,0.01,3,detectado
crc32,16,128,160,0.25,0.01,2,detectado
crc32,16,128,160,0.25,0.01,0,correcto
crc32,16,128,160,0.25,0.01,0,correcto
crc32,16,128,160,0.25,0.01,3,detectado
crc32,16,128,160,0.25,0.01,1,detectado
crc32,16,128,160,0.25,0.01,0,correcto
crc32,16,128,160,0.25,0.01,3,detectado
crc32,16,128,160,0.25,0.01,1,detectado
crc32,16,128,160,0.25,0.01,3,detectado
crc32,16,128,160,0.25,0.01,2,detectado
crc32,16,128,160,0.25,0.01,4,detectado
crc32,16,128,160,0.25,0.01,0,correcto
crc32,16,128,160,0.25,0.01,1,detectado
crc32,16,128,160,0.25,0.01,0,correcto
crc32,16,128,160,0.25,0.01,1,detectado
crc32,16,128,160,0.25,0.01,3,detectado
crc32,16,128,160,0.25,0.01,3,detectado
crc32,16,128,160,0.25,0.01,2,detectado
crc32,16,128,160,0.25,0.01,1,detectado
crc32,16,128,160,0.25,0.01,4,detectado
crc32,16,128,160,0.25,0.01,1,detectado
crc32,16,128,160,0.25,0.01,0,correcto
crc32,16,128,160,0.25,0.01,1,detectado
crc32,16,128,160,0.25,0.01,0,correcto
crc32,16,128,160,0.25,0.01,3,detectado
crc32,16,128,160,0.25,0.01,2,detectado
crc32,16,128,160,0.25,0.01,3,detectado
crc32,16,128,160,0.25,0.01,1,detectado
crc32,16,128,160,0.25,0.01,2,detectado
crc32,16,128,160,0.25,0.01,4,detectado
crc32,16,128,160,0.25,0.01,2,detectado
crc32,16,128,160,0.25,0.01,2,detectado
crc32,16,128,160,0.25,0.01,4,detectado
crc32,16,128,160,0.25,0.01,3,detectado
crc32,16,128,160,0.25,0.01,4,detectado
crc32,16,128,160,0.25,0.01,3,detectado
crc32,16,128,160,0.25,0.01,3,detectado
crc32,16,128,160,0.25,0.01,0,correcto
crc32,16,128,160,0.25,0.01,1,detectado
crc32,16,128,160,0.25,0.01,1,detectado
crc32,16,128,160,0.25,0.01,1,detectado
crc32,16,128,160,0.25,0.01,1,detectado
crc32,16,128,160,0.25,0.01,0,correcto
crc32,16,128,160,0.25,0.01,0,correcto
crc32,16,128,160,0.25,0.01,1,detectado
crc32,16,128,160,0.25,0.01,4,detectado
crc32,16,128,160,0.25,0.01,2,detectado
crc32,16,128,160,0.25,0.01,0,correcto
crc32,16,128,160,0.25,0.01,3,detectado
crc32,16,128,160,0.25,0.01,0,correcto
crc32,16,128,160,0.25,0.01,1,detectado
crc32,16,128,160,0.25,0.01,1,detectado
crc32,16,128,160,0.25,0.02,7,detectado
crc32,16,128,160,0.25,0.02,4,detectado
crc32,16,128,160,0.25,0.02,4,detectado
crc32,16,128,160,0.25,0.02,4,detectado
crc32,16,128,160,0.25,0.02,4,detectado
crc32,16,128,160,0.25,0.02,1,detectado
crc32,16,128,160,0.25,0.02,6,detectado
crc32,16,128,160,0.25,0.02,4,detectado
crc32,16,128,160,0.25,0.02,1,detectado
crc32,16,128,160,0.25,0.02,5,detectado
crc32,16,128,160,0.25,0.02,2,detectado
crc32,16,128,160,0.25,0.02,2,detectado
crc32,16,128,160,0.25,0.02,2,detectado
crc32,16,128,160,0.25,0.02,5,detectado
crc32,16,128,160,0.25,0.02,2,detectado
crc32,16,128,160,0.25,0.02,3,detectado
crc32,16,128,160,0.25,0.02,2,detectado
crc32,16,128,160,0.25,0.02,4,detectado
crc32,16,128,160,0.25,0.02,5,detectado
crc32,16,128,160,0.25,0.02,5,detectado
crc32,16,128,160,0.25,0.02,5,detectado
crc32,16,128,160,0.25,0.02,5,detectado
crc32,16,128,160,0.25,0.02,1,detectado
crc32,16,128,160,0.25,0.02,1,detectado
crc32,16,128,160,0.25,0.02,4,detectado
crc32,16,128,160,0.25,0.02,4,detectado
crc32,16,128,160,0.25,0.02,2,detectado
crc32,16,128,160,0.25,0.02,5,detectado
crc32,16,128,160,0.25,0.02,3,detectado
crc32,16,128,160,0.25,0.02,1,detectado
crc32,16,128,160,0.25,0.02,3,detectado
crc32,16,128,160,0.25,0.02,1,detectado
crc32,16,128,160,0.25,0.02,4,detectado
crc32,16,128,160,0.25,0.02,0,correcto
crc32,16,128,160,0.25,0.02,2,detectado
crc32,16,128,160,0.25,0.02,3,detectado
crc32,16,128,160,0.25,0.02,2,detectado
crc32,16,128,160,0.25,0.02,4,detectado
crc32,16,128,160,0.25,0.02,3,detectado
crc32,16,128,160,0.25,0.02,3,detectado
crc32,16,128,160,0.25,0.02,2,detectado
crc32,16,128,160,0.25,0.02,6,detectado
crc32,16,128,160,0.25,0.02,4,detectado
crc32,16,128,160,0.25,0.02,2,detectado
crc32,16,128,160,0.25,0.02,3,detectado
crc32,16,128,160,0.25,0.02,6,detectado
crc32,16,128,160,0.25,0.02,2,detectado
crc32,16,128,160,0.25,0.02,4,detectado
crc32,16,128,160,0.25,0.02,5,detectado
crc32,16,128,160,0.25,0.02,2,detectado
crc32,16,128,160,0.25,0.02,1,detectado
crc32,16,128,160,0.25,0.02,5,detectado
crc32,16,128,160,0.25,0.02,7,detectado
crc32,16,128,160,0.25,0.02,3,detectado
crc32,16,128,160,0.25,0.02,1,detectado
crc32,16,128,160,0.25,0.02,3,detectado
crc32,16,128,160,0.25,0.02,3,detectado
crc32,16,128,160,0.25,0.02,5,detectado
crc32,16,128,160,0.25,0.02,3,detectado
crc32,16,128,160,0.25,0.02,5,detectado
crc32,16,128,160,0.25,0.02,1,detectado
crc32,16,128,160,0.25,0.02,3,detectado
crc32,16,128,160,0.25,0.02,2,detectado
crc32,16,128,160,0.25,0.02,2,detectado
crc32,16,128,160,0.25,0.02,7,detectado
crc32,16,128,160,0.25,0.02,7,detectado
crc32,16,128,160,0.25,0.02,2,detectado
crc32,16,128,160,0.25,0.02,2,detectado
crc32,16,128,160,0.25,0.02,7,detectado
crc32,16,128,160,0.25,0.02,2,detectado
crc32,16,128,160,0.25,0.02,2,detectado
crc32,16,128,160,0.25,0.02,2,detectado
crc32,16,128,160,0.25,0.02,5,detectado
crc32,16,128,160,0.25,0.02,0,correcto
crc32,16,128,160,0.25,0.02,1,detectado
crc32,16,128,160,0.25,0.02,3,detectado
crc32,16,128,160,0.25,0.02,0,correcto
crc32,16,128,160,0.25,0.02,2,detectado
crc32,16,128,160,0.25,0.02,2,detectado
crc32,16,128,160,0.25,0.02,3,detectado
crc32,16,128,160,0.25,0.02,6,detectado
crc32,16,128,160,0.25,0.02,6,detectado
crc32,16,128,160,0.25,0.02,7,detectado
crc32,16,128,160,0.25,0.02,3,detectado
crc32,16,128,160,0.25,0.02,2,detectado
crc32,16,128,160,0.25,0.02,5,detectado
crc32,16,128,160,0.25,0.02,5,detectado
crc32,16,128,160,0.25,0.02,5,detectado
crc32,16,128,160,0.25,0.02,3,detectado
crc32,16,128,160,0.25,0.02,3,detectado
crc32,16,128,160,0.25,0.02,4,detectado
crc32,16,128,160,0.25,0.02,3,detectado
crc32,16,128,160,0.25,0.02,4,detectado
crc32,16,128,160,0.25,0.02,2,detectado
crc32,16,128,160,0.25,0.02,0,correcto
crc32,16,128,160,0.25,0.02,3,detectado
crc32,16,128,160,0.25,0.02,2,detectado
crc32,16,128,160,0.25,0.02,1,detectado
crc32,16,128,160,0.25,0.02,5,detectado
crc32,16,128,160,0.25,0.02,5,detectado
crc32,16,128,160,0.25,0.05,9,detectado
crc32,16,128,160,0.25,0.05,3,detectado
crc32,16,128,160,0.25,0.05,7,detectado
crc32,16,128,160,0.25,0.05,7,detectado
crc32,16,128,160,0.25,0.05,10,detectado
crc32,16,128,160,0.25,0.05,11,detectado
crc32,16,128,160,0.25,0.05,9,detectado
crc32,16,128,160,0.25,0.05,6,detectado
crc32,16,128,160,0.25,0.05,6,detectado
crc32,16,128,160,0.25,0.05,9,detectado
crc32,16,128,160,0.25,0.05,10,detectado
crc32,16,128,160,0.25,0.05,9,detectado
crc32,16,128,160,0.25,0.05,6,detectado
crc32,16,128,160,0.25,0.05,8,detectado
crc32,16,128,160,0.25,0.05,7,detectado
crc32,16,128,160,0.25,0.05,6,detectado
crc32,16,128,160,0.25,0.05,10,detectado
crc32,16,128,160,0.25,0.05,9,detectado
crc32,16,128,160,0.25,0.05,9,detectado
crc32,16,128,160,0.25,0.05,7,detectado
crc32,16,128,160,0.25,0.05,8,detectado
crc32,16,128,160,0.25,0.05,7,detectado
crc32,16,128,160,0.25,0.05,17,detectado
crc32,16,128,160,0.25,0.05,1,detectado
crc32,16,128,160,0.25,0.05,6,detectado
crc32,16,128,160,0.25,0.05,9,detectado
crc32,16,128,160,0.25,0.05,8,detectado
crc32,16,128,160,0.25,0.05,9,detectado
crc32,16,128,160,0.25,0.05,8,detectado
crc32,16,128,160,0.25,0.05,9,detectado
crc32,16,128,160,0.25,0.05,6,detectado
crc32,16,128,160,0.25,0.05,11,detectado
crc32,16,128,160,0.25,0.05,8,detectado
crc32,16,128,160,0.25,0.05,10,detectado
crc32,16,128,160,0.25,0.05,11,detectado
crc32,16,128,160,0.25,0.05,8,detectado
crc32,16,128,160,0.25,0.05,5,detectado
crc32,16,128,160,0.25,0.05,9,detectado
crc32,16,128,160,0.25,0.05,9,detectado
crc32,16,128,160,0.25,0.05,9,detectado
crc32,16,128,160,0.25,0.05,6,detectado
crc32,16,128,160,0.25,0.05,8,detectado
crc32,16,128,160,0.25,0.05,8,detectado
crc32,16,128,160,0.25,0.05,6,detectado
crc32,16,128,160,0.25,0.05,9,detectado
crc32,16,128,160,0.25,0.05,6,detectado
crc32,16,128,160,0.25,0.05,12,detectado
crc32,16,128,160,0.25,0.05,9,detectado
crc32,16,128,160,0.25,0.05,13,detectado
crc32,16,128,160,0.25,0.05,3,detectado
crc32,16,128,160,0.25,0.05,12,detectado
crc32,16,128,160,0.25,0.05,11,detectado
crc32,16,128,160,0.25,0.05,10,detectado
crc32,16,128,160,0.25,0.05,7,detectado
crc32,16,128,160,0.25,0.05,7,detectado
crc32,16,128,160,0.25,0.05,9,detectado
crc32,16,128,160,0.25,0.05,10,detectado
crc32,16,128,160,0.25,0.05,7,detectado
crc32,16,128,160,0.25,0.05,10,detectado
crc32,16,128,160,0.25,0.05,6,detectado
crc32,16,128,160,0.25,0.05,12,detectado
crc32,16,128,160,0.25,0.05,7,detectado
crc32,16,128,160,0.25,0.05,6,detectado
crc32,16,128,160,0.25,0.05,10,detectado
crc32,16,128,160,0.25,0.05,4,detectado
crc32,16,128,160,0.25,0.05,12,detectado
crc32,16,128,160,0.25,0.05,6,detectado
crc32,16,128,160,0.25,0.05,8,detectado
crc32,16,128,160,0.25,0.05,5,detectado
crc32,16,128,160,0.25,0.05,6,detectado
crc32,16,128,160,0.25,0.05,5,detectado
crc32,16,128,160,0.25,0.05,7,detectado
crc32,16,128,160,0.25,0.05,10,detectado
crc32,16,128,160,0.25,0.05,13,detectado
crc32,16,128,160,0.25,0.05,9,detectado
crc32,16,128,160,0.25,0.05,3,detectado
crc32,16,128,160,0.25,0.05,8,detectado
crc32,16,128,160,0.25,0.05,8,detectado
crc32,16,128,160,0.25,0.05,10,detectado
crc32,16,128,160,0.25,0.05,6,detectado
crc32,16,128,160,0.25,0.05,7,detectado
crc32,16,128,160,0.25,0.05,10,detectado
crc32,16,128,160,0.25,0.05,6,detectado
crc32,16,128,160,0.25,0.05,6,detectado
crc32,16,128,160,0.25,0.05,4,detectado
crc32,16,128,160,0.25,0.05,7,detectado
crc32,16,128,160,0.25,0.05,6,detectado
crc32,16,128,160,0.25,0.05,10,detectado
crc32,16,128,160,0.25,0.05,13,detectado
crc32,16,128,160,0.25,0.05,14,detectado
crc32,16,128,160,0.25,0.05,7,detectado
crc32,16,128,160,0.25,0.05,13,detectado
crc32,16,128,160,0.25,0.05,9,detectado
crc32,16,128,160,0.25,0.05,5,detectado
crc32,16,128,160,0.25,0.05,8,detectado
crc32,16,128,160,0.25,0.05,7,detectado
crc32,16,128,160,0.25,0.05,3,detectado
crc32,16,128,160,0.25,0.05,13,detectado
crc32,16,128,160,0.25,0.05,11,detectado
crc32,16,128,160,0.25,0.05,6,detectado
crc32,64,512,544,0.0625,0.0,0,correcto
crc32,64,512,544,0.0625,0.0,0,correcto
crc32,64,512,544,0.0625,0.0,0,correcto
crc32,64,512,544,0.0625,0.0,0,correcto
crc32,64,512,544,0.0625,0.0,0,correcto
crc32,64,512,544,0.0625,0.0,0,correcto
crc32,64,512,544,0.0625,0.0,0,correcto
crc32,64,512,544,0.0625,0.0,0,correcto
crc32,64,512,544,0.0625,0.0,0,correcto
crc32,64,512,544,0.0625,0.0,0,correcto
crc32,64,512,544,0.0625,0.0,0,correcto
crc32,64,512,544,0.0625,0.0,0,correcto
crc32,64,512,544,0.0625,0.0,0,correcto
crc32,64,512,544,0.0625,0.0,0,correcto
crc32,64,512,544,0.0625,0.0,0,correcto
crc32,64,512,544,0.0625,0.0,0,correcto
crc32,64,512,544,0.0625,0.0,0,correcto
crc32,64,512,544,0.0625,0.0,0,correcto
crc32,64,512,544,0.0625,0.0,0,correcto
crc32,64,512,544,0.0625,0.0,0,correcto
crc32,64,512,544,0.0625,0.0,0,correcto
crc32,64,512,544,0.0625,0.0,0,correcto
crc32,64,512,544,0.0625,0.0,0,correcto
crc32,64,512,544,0.0625,0.0,0,correcto
crc32,64,512,544,0.0625,0.0,0,correcto
crc32,64,512,544,0.0625,0.0,0,correcto
crc32,64,512,544,0.0625,0.0,0,correcto
crc32,64,512,544,0.0625,0.0,0,correcto
crc32,64,512,544,0.0625,0.0,0,correcto
crc32,64,512,544,0.0625,0.0,0,correcto
crc32,64,512,544,0.0625,0.0,0,correcto
crc32,64,512,544,0.0625,0.0,0,correcto
crc32,64,512,544,0.0625,0.0,0,correcto
crc32,64,512,544,0.0625,0.0,0,correcto
crc32,64,512,544,0.0625,0.0,0,correcto
crc32,64,512,544,0.0625,0.0,0,correcto
crc32,64,512,544,0.0625,0.0,0,correcto
crc32,64,512,544,0.0625,0.0,0,correcto
crc32,64,512,544,0.0625,0.0,0,correcto
crc32,64,512,544,0.0625,0.0,0,correcto
crc32,64,512,544,0.0625,0.0,0,correcto
crc32,64,512,544,0.0625,0.0,0,correcto
crc32,64,512,544,0.0625,0.0,0,correcto
crc32,64,512,544,0.0625,0.0,0,correcto
crc32,64,512,544,0.0625,0.0,0,correcto
crc32,64,512,544,0.0625,0.0,0,correcto
crc32,64,512,544,0.0625,0.0,0,correcto
crc32,64,512,544,0.0625,0.0,0,correcto
crc32,64,512,544,0.0625,0.0,0,correcto
crc32,64,512,544,0.0625,0.0,0,correcto
crc32,64,512,544,0.0625,0.0,0,correcto
crc32,64,512,544,0.0625,0.0,0,correcto
crc32,64,512,544,0.0625,0.0,0,correcto
crc32,64,512,544,0.0625,0.0,0,correcto
crc32,64,512,544,0.0625,0.0,0,correcto
crc32,64,512,544,0.0625,0.0,0,correcto
crc32,64,512,544,0.0625,0.0,0,correcto
crc32,64,512,544,0.0625,0.0,0,correcto
crc32,64,512,544,0.0625,0.0,0,correcto
crc32,64,512,544,0.0625,0.0,0,correcto
crc32,64,512,544,0.0625,0.0,0,correcto
crc32,64,512,544,0.0625,0.0,0,correcto
crc32,64,512,544,0.0625,0.0,0,correcto
crc32,64,512,544,0.0625,0.0,0,correcto
crc32,64,512,544,0.0625,0.0,0,correcto
crc32,64,512,544,0.0625,0.0,0,correcto
crc32,64,512,544,0.0625,0.0,0,correcto
crc32,64,512,544,0.0625,0.0,0,correcto
crc32,64,512,544,0.0625,0.0,0,correcto
crc32,64,512,544,0.0625,0.0,0,correcto
crc32,64,512,544,0.0625,0.0,0,correcto
crc32,64,512,544,0.0625,0.0,0,correcto
crc32,64,512,544,0.0625,0.0,0,correcto
crc32,64,512,544,0.0625,0.0,0,correcto
crc32,64,512,544,0.0625,0.0,0,correcto
crc32,64,512,544,0.0625,0.0,0,correcto
crc32,64,512,544,0.0625,0.0,0,correcto
crc32,64,512,544,0.0625,0.0,0,correcto
crc32,64,512,544,0.0625,0.0,0,correcto
crc32,64,512,544,0.0625,0.0,0,correcto
crc32,64,512,544,0.0625,0.0,0,correcto
crc32,64,512,544,0.0625,0.0,0,correcto
crc32,64,512,544,0.0625,0.0,0,correcto
crc32,64,512,544,0.0625,0.0,0,correcto
crc32,64,512,544,0.0625,0.0,0,correcto
crc32,64,512,544,0.0625,0.0,0,correcto
crc32,64,512,544,0.0625,0.0,0,correcto
crc32,64,512,544,0.0625,0.0,0,correcto
crc32,64,512,544,0.0625,0.0,0,correcto
crc32,64,512,544,0.0625,0.0,0,correcto
crc32,64,512,544,0.0625,0.0,0,correcto
crc32,64,512,544,0.0625,0.0,0,correcto
crc32,64,512,544,0.0625,0.0,0,correcto
crc32,64,512,544,0.0625,0.0,0,correcto
crc32,64,512,544,0.0625,0.0,0,correcto
crc32,64,512,544,0.0625,0.0,0,correcto
crc32,64,512,544,0.0625,0.0,0,correcto
crc32,64,512,544,0.0625,0.0,0,correcto
crc32,64,512,544,0.0625,0.0,0,correcto
crc32,64,512,544,0.0625,0.0,0,correcto
crc32,64,512,544,0.0625,0.0005,0,correcto
crc32,64,512,544,0.0625,0.0005,1,detectado
crc32,64,512,544,0.0625,0.0005,0,correcto
crc32,64,512,544,0.0625,0.0005,1,detectado
crc32,64,512,544,0.0625,0.0005,1,detectado
crc32,64,512,544,0.0625,0.0005,0,correcto
crc32,64,512,544,0.0625,0.0005,0,correcto
crc32,64,512,544,0.0625,0.0005,0,correcto
crc32,64,512,544,0.0625,0.0005,1,detectado
crc32,64,512,544,0.0625,0.0005,0,correcto
crc32,64,512,544,0.0625,0.0005,0,correcto
crc32,64,512,544,0.0625,0.0005,0,correcto
crc32,64,512,544,0.0625,0.0005,0,correcto
crc32,64,512,544,0.0625,0.0005,0,correcto
crc32,64,512,544,0.0625,0.0005,0,correcto
crc32,64,512,544,0.0625,0.0005,0,correcto
crc32,64,512,544,0.0625,0.0005,0,correcto
crc32,64,512,544,0.0625,0.0005,0,correcto
crc32,64,512,544,0.0625,0.0005,0,correcto
crc32,64,512,544,0.0625,0.0005,1,detectado
crc32,64,512,544,0.0625,0.0005,0,correcto
crc32,64,512,544,0.0625,0.0005,1,detectado
crc32,64,512,544,0.0625,0.0005,1,detectado
crc32,64,512,544,0.0625,0.0005,1,detectado
crc32,64,512,544,0.0625,0.0005,0,correcto
crc32,64,512,544,0.0625,0.0005,0,correcto
crc32,64,512,544,0.0625,0.0005,2,detectado
crc32,64,512,544,0.0625,0.0005,0,correcto
crc32,64,512,544,0.0625,0.0005,0,correcto
crc32,64,512,544,0.0625,0.0005,1,detectado
crc32,64,512,544,0.0625,0.0005,0,correcto
crc32,64,512,544,0.0625,0.0005,0,correcto
crc32,64,512,544,0.0625,0.0005,0,correcto
crc32,64,512,544,0.0625,0.0005,2,detectado
crc32,64,512,544,0.0625,0.0005,1,detectado
crc32,64,512,544,0.0625,0.0005,0,correcto
crc32,64,512,544,0.0625,0.0005,0,correcto
crc32,64,512,544,0.0625,0.0005,0,correcto
crc32,64,512,544,0.0625,0.0005,1,detectado
crc32,64,512,544,0.0625,0.0005,0,correcto
crc32,64,512,544,0.0625,0.0005,0,correcto
crc32,64,512,544,0.0625,0.0005,1,detectado
crc32,64,512,544,0.0625,0.0005,0,correcto
crc32,64,512,544,0.0625,0.0005,0,correcto
crc32,64,512,544,0.0625,0.0005,1,detectado
crc32,64,512,544,0.0625,0.0005,0,correcto
crc32,64,512,544,0.0625,0.0005,0,correcto
crc32,64,512,544,0.0625,0.0005,0,correcto
crc32,64,512,544,0.0625,0.0005,0,correcto
crc32,64,512,544,0.0625,0.0005,0,correcto
crc32,64,512,544,0.0625,0.0005,0,correcto
crc32,64,512,544,0.0625,0.0005,0,correcto
crc32,64,512,544,0.0625,0.0005,0,correcto
crc32,64,512,544,0.0625,0.0005,1,detectado
crc32,64,512,544,0.0625,0.0005,0,correcto
crc32,64,512,544,0.0625,0.0005,0,correcto
crc32,64,512,544,0.0625,0.0005,0,correcto
crc32,64,512,544,0.0625,0.0005,0,correcto
crc32,64,512,544,0.0625,0.0005,1,detectado
crc32,64,512,544,0.0625,0.0005,1,detectado
crc32,64,512,544,0.0625,0.0005,1,detectado
crc32,64,512,544,0.0625,0.0005,0,correcto
crc32,64,512,544,0.0625,0.0005,0,correcto
crc32,64,512,544,0.0625,0.0005,0,correcto
crc32,64,512,544,0.0625,0.0005,0,correcto
crc32,64,512,544,0.0625,0.0005,1,detectado
crc32,64,512,544,0.0625,0.0005,0,correcto
crc32,64,512,544,0.0625,0.0005,0,correcto
crc32,64,512,544,0.0625,0.0005,0,correcto
crc32,64,512,544,0.0625,0.0005,0,correcto
crc32,64,512,544,0.0625,0.0005,0,correcto
crc32,64,512,544,0.0625,0.0005,1,detectado
crc32,64,512,544,0.0625,0.0005,0,correcto
crc32,64,512,544,0.0625,0.0005,0,correcto
crc32,64,512,544,0.0625,0.0005,0,correcto
crc32,64,512,544,0.0625,0.0005,0,correcto
crc32,64,512,544,0.0625,0.0005,0,correcto
crc32,64,512,544,0.0625,0.0005,0,correcto
crc32,64,512,544,0.0625,0.0005,0,correcto
crc32,64,512,544,0.0625,0.0005,1,detectado
crc32,64,512,544,0.0625,0.0005,0,correcto
crc32,64,512,544,0.0625,0.0005,1,detectado
crc32,64,512,544,0.0625,0.0005,0,correcto
crc32,64,512,544,0.0625,0.0005,3,detectado
crc32,64,512,544,0.0625,0.0005,1,detectado
crc32,64,512,544,0.0625,0.0005,1,detectado
crc32,64,512,544,0.0625,0.0005,0,correcto
crc32,64,512,544,0.0625,0.0005,0,correcto
crc32,64,512,544,0.0625,0.0005,1,detectado
crc32,64,512,544,0.0625,0.0005,0,correcto
crc32,64,512,544,0.0625,0.0005,0,correcto
crc32,64,512,544,0.0625,0.0005,0,correcto
crc32,64,512,544,0.0625,0.0005,0,correcto
crc32,64,512,544,0.0625,0.0005,0,correcto
crc32,64,512,544,0.0625,0.0005,0,correcto
crc32,64,512,544,0.0625,0.0005,0,correcto
crc32,64,512,544,0.0625,0.0005,0,correcto
crc32,64,512,544,0.0625,0.0005,0,correcto
crc32,64,512,544,0.0625,0.0005,0,correcto
crc32,64,512,544,0.0625,0.0005,0,correcto
crc32,64,512,544,0.0625,0.001,1,detectado
crc32,64,512,544,0.0625,0.001,2,detectado
crc32,64,512,544,0.0625,0.001,0,correcto
crc32,64,512,544,0.0625,0.001,1,detectado
crc32,64,512,544,0.0625,0.001,1,detectado
crc32,64,512,544,0.0625,0.001,0,correcto
crc32,64,512,544,0.0625,0.001,1,detectado
crc32,64,512,544,0.0625,0.001,0,correcto
crc32,64,512,544,0.0625,0.001,1,detectado
crc32,64,512,544,0.0625,0.001,4,detectado
crc32,64,512,544,0.0625,0.001,0,correcto
crc32,64,512,544,0.0625,0.001,0,correcto
crc32,64,512,544,0.0625,0.001,1,detectado
crc32,64,512,544,0.0625,0.001,0,correcto
crc32,64,512,544,0.0625,0.001,1,detectado
crc32,64,512,544,0.0625,0.001,0,correcto
crc32,64,512,544,0.0625,0.001,0,correcto
crc32,64,512,544,0.0625,0.001,1,detectado
crc32,64,512,544,0.0625,0.001,2,detectado
crc32,64,512,544,0.0625,0.001,0,correcto
crc32,64,512,544,0.0625,0.001,0,correcto
crc32,64,512,544,0.0625,0.001,1,detectado
crc32,64,512,544,0.0625,0.001,0,correcto
crc32,64,512,544,0.0625,0.001,0,correcto
crc32,64,512,544,0.0625,0.001,0,correcto
crc32,64,512,544,0.0625,0.001,0,correcto
crc32,64,512,544,0.0625,0.001,1,detectado
crc32,64,512,544,0.0625,0.001,1,detectado
crc32,64,512,544,0.0625,0.001,1,detectado
crc32,64,512,544,0.0625,0.001,1,detectado
crc32,64,512,544,0.0625,0.001,0,correcto
crc32,64,512,544,0.0625,0.001,0,correcto
crc32,64,512,544,0.0625,0.001,1,detectado
crc32,64,512,544,0.0625,0.001,0,correcto
crc32,64,512,544,0.0625,0.001,0,correcto
crc32,64,512,544,0.0625,0.001,0,correcto
crc32,64,512,544,0.0625,0.001,0,correcto
crc32,64,512,544,0.0625,0.001,0,correcto
crc32,64,512,544,0.0625,0.001,1,detectado
crc32,64,512,544,0.0625,0.001,0,correcto
crc32,64,512,544,0.0625,0.001,2,detectado
crc32,64,512,544,0.0625,0.001,0,correcto
crc32,64,512,544,0.0625,0.001,1,detectado
crc32,64,512,544,0.0625,0.001,0,correcto
crc32,64,512,544,0.0625,0.001,1,detectado
crc32,64,512,544,0.0625,0.001,0,correcto
crc32,64,512,544,0.0625,0.001,0,correcto
crc32,64,512,544,0.0625,0.001,2,detectado
crc32,64,512,544,0.0625,0.001,1,detectado
crc32,64,512,544,0.0625,0.001,0,correcto
crc32,64,512,544,0.0625,0.001,0,correcto
crc32,64,512,544,0.0625,0.001,0,correcto
crc32,64,512,544,0.0625,0.001,0,correcto
crc32,64,512,544,0.0625,0.001,2,detectado
crc32,64,512,544,0.0625,0.001,1,detectado
crc32,64,512,544,0.0625,0.001,0,correcto
crc32,64,512,544,0.0625,0.001,0,correcto
crc32,64,512,544,0.0625,0.001,0,correcto
crc32,64,512,544,0.0625,0.001,2,detectado
crc32,64,512,544,0.0625,0.001,0,correcto
crc32,64,512,544,0.0625,0.001,0,correcto
crc32,64,512,544,0.0625,0.001,0,correcto
crc32,64,512,544,0.0625,0.001,1,detectado
crc32,64,512,544,0.0625,0.001,1,detectado
crc32,64,512,544,0.0625,0.001,1,detectado
crc32,64,512,544,0.0625,0.001,0,correcto
crc32,64,512,544,0.0625,0.001,0,correcto
crc32,64,512,544,0.0625,0.001,0,correcto
crc32,64,512,544,0.0625,0.001,1,detectado
crc32,64,512,544,0.0625,0.001,0,correcto
crc32,64,512,544,0.0625,0.001,1,detectado
crc32,64,512,544,0.0625,0.001,0,correcto
crc32,64,512,544,0.0625,0.001,0,correcto
crc32,64,512,544,0.0625,0.001,0,correcto
crc32,64,512,544,0.0625,0.001,0,correcto
crc32,64,512,544,0.0625,0.001,0,correcto
crc32,64,512,544,0.0625,0.001,1,detectado
crc32,64,512,544,0.0625,0.001,0,correcto
crc32,64,512,544,0.0625,0.001,0,correcto
crc32,64,512,544,0.0625,0.001,0,correcto
crc32,64,512,544,0.0625,0.001,0,correcto
crc32,64,512,544,0.0625,0.001,0,correcto
crc32,64,512,544,0.0625,0.001,0,correcto
crc32,64,512,544,0.0625,0.001,0,correcto
crc32,64,512,544,0.0625,0.001,0,correcto
crc32,64,512,544,0.0625,0.001,0,correcto
crc32,64,512,544,0.0625,0.001,0,correcto
crc32,64,512,544,0.0625,0.001,0,correcto
crc32,64,512,544,0.0625,0.001,0,correcto
crc32,64,512,544,0.0625,0.001,1,detectado
crc32,64,512,544,0.0625,0.001,0,correcto
crc32,64,512,544,0.0625,0.001,0,correcto
crc32,64,512,544,0.0625,0.001,0,correcto
crc32,64,512,544,0.0625,0.001,0,correcto
crc32,64,512,544,0.0625,0.001,1,detectado
crc32,64,512,544,0.0625,0.001,2,detectado
crc32,64,512,544,0.0625,0.001,0,correcto
crc32,64,512,544,0.0625,0.001,0,correcto
crc32,64,512,544,0.0625,0.001,0,correcto
crc32,64,512,544,0.0625,0.001,1,detectado
crc32,64,512,544,0.0625,0.005,1,detectado
crc32,64,512,544,0.0625,0.005,3,detectado
crc32,64,512,544,0.0625,0.005,3,detectado
crc32,64,512,544,0.0625,0.005,2,detectado
crc32,64,512,544,0.0625,0.005,6,detectado
crc32,64,512,544,0.0625,0.005,5,detectado
crc32,64,512,544,0.0625,0.005,0,correcto
crc32,64,512,544,0.0625,0.005,4,detectado
crc32,64,512,544,0.0625,0.005,2,detectado
crc32,64,512,544,0.0625,0.005,2,detectado
crc32,64,512,544,0.0625,0.005,5,detectado
crc32,64,512,544,0.0625,0.005,2,detectado
crc32,64,512,544,0.0625,0.005,3,detectado
crc32,64,512,544,0.0625,0.005,2,detectado
crc32,64,512,544,0.0625,0.005,7,detectado
crc32,64,512,544,0.0625,0.005,3,detectado
crc32,64,512,544,0.0625,0.005,5,detectado
crc32,64,512,544,0.0625,0.005,1,detectado
crc32,64,512,544,0.0625,0.005,1,detectado
crc32,64,512,544,0.0625,0.005,1,detectado
crc32,64,512,544,0.0625,0.005,5,detectado
crc32,64,512,544,0.0625,0.005,3,detectado
crc32,64,512,544,0.0625,0.005,7,detectado
crc32,64,512,544,0.0625,0.005,5,detectado
crc32,64,512,544,0.0625,0.005,2,detectado
crc32,64,512,544,0.0625,0.005,4,detectado
crc32,64,512,544,0.0625,0.005,5,detectado
crc32,64,512,544,0.0625,0.005,5,detectado
crc32,64,512,544,0.0625,0.005,0,correcto
crc32,64,512,544,0.0625,0.005,0,correcto
crc32,64,512,544,0.0625,0.005,5,detectado
crc32,64,512,544,0.0625,0.005,0,correcto
crc32,64,512,544,0.0625,0.005,1,detectado
crc32,64,512,544,0.0625,0.005,2,detectado
crc32,64,512,544,0.0625,0.005,2,detectado
crc32,64,512,544,0.0625,0.005,1,detectado
crc32,64,512,544,0.0625,0.005,4,detectado
crc32,64,512,544,0.0625,0.005,2,detectado
crc32,64,512,544,0.0625,0.005,3,detectado
crc32,64,512,544,0.0625,0.005,1,detectado
crc32,64,512,544,0.0625,0.005,3,detectado
crc32,64,512,544,0.0625,0.005,3,detectado
crc32,64,512,544,0.0625,0.005,5,detectado
crc32,64,512,544,0.0625,0.005,0,correcto
crc32,64,512,544,0.0625,0.005,3,detectado
crc32,64,512,544,0.0625,0.005,4,detectado
crc32,64,512,544,0.0625,0.005,2,detectado
crc32,64,512,544,0.0625,0.005,7,detectado
crc32,64,512,544,0.0625,0.005,3,detectado
crc32,64,512,544,0.0625,0.005,1,detectado
crc32,64,512,544,0.0625,0.005,0,correcto
crc32,64,512,544,0.0625,0.005,1,detectado
crc32,64,512,544,0.0625,0.005,2,detectado
crc32,64,512,544,0.0625,0.005,2,detectado
crc32,64,512,544,0.0625,0.005,3,detectado
crc32,64,512,544,0.0625,0.005,4,detectado
crc32,64,512,544,0.0625,0.005,2,detectado
crc32,64,512,544,0.0625,0.005,2,detectado
crc32,64,512,544,0.0625,0.005,4,detectado
crc32,64,512,544,0.0625,0.005,2,detectado
crc32,64,512,544,0.0625,0.005,2,detectado
crc32,64,512,544,0.0625,0.005,0,correcto
crc32,64,512,544,0.0625,0.005,1,detectado
crc32,64,512,544,0.0625,0.005,4,detectado
crc32,64,512,544,0.0625,0.005,1,detectado
crc32,64,512,544,0.0625,0.005,2,detectado
crc32,64,512,544,0.0625,0.005,3,detectado
crc32,64,512,544,0.0625,0.005,4,detectado
crc32,64,512,544,0.0625,0.005,3,detectado
crc32,64,512,544,0.0625,0.005,4,detectado
crc32,64,512,544,0.0625,0.005,2,detectado
crc32,64,512,544,0.0625,0.005,4,detectado
crc32,64,512,544,0.0625,0.005,4,detectado
crc32,64,512,544,0.0625,0.005,3,detectado
crc32,64,512,544,0.0625,0.005,2,detectado
crc32,64,512,544,0.0625,0.005,4,detectado
crc32,64,512,544,0.0625,0.005,2,detectado
crc32,64,512,544,0.0625,0.005,3,detectado
crc32,64,512,544,0.0625,0.005,3,detectado
crc32,64,512,544,0.0625,0.005,1,detectado
crc32,64,512,544,0.0625,0.005,3,detectado
crc32,64,512,544,0.0625,0.005,1,detectado
crc32,64,512,544,0.0625,0.005,3,detectado
crc32,64,512,544,0.0625,0.005,3,detectado
crc32,64,512,544,0.0625,0.005,3,detectado
crc32,64,512,544,0.0625,0.005,2,detectado
crc32,64,512,544,0.0625,0.005,3,detectado
crc32,64,512,544,0.0625,0.005,6,detectado
crc32,64,512,544,0.0625,0.005,3,detectado
crc32,64,512,544,0.0625,0.005,4,detectado
crc32,64,512,544,0.0625,0.005,3,detectado
crc32,64,512,544,0.0625,0.005,4,detectado
crc32,64,512,544,0.0625,0.005,3,detectado
crc32,64,512,544,0.0625,0.005,0,correcto
crc32,64,512,544,0.0625,0.005,2,detectado
crc32,64,512,544,0.0625,0.005,4,detectado
crc32,64,512,544,0.0625,0.005,2,detectado
crc32,64,512,544,0.0625,0.005,2,detectado
crc32,64,512,544,0.0625,0.005,0,correcto
crc32,64,512,544,0.0625,0.005,6,detectado
crc32,64,512,544,0.0625,0.01,5,detectado
crc32,64,512,544,0.0625,0.01,1,detectado
crc32,64,512,544,0.0625,0.01,2,detectado
crc32,64,512,544,0.0625,0.01,5,detectado
crc32,64,512,544,0.0625,0.01,8,detectado
crc32,64,512,544,0.0625,0.01,2,detectado
crc32,64,512,544,0.0625,0.01,6,detectado
crc32,64,512,544,0.0625,0.01,6,detectado
crc32,64,512,544,0.0625,0.01,6,detectado
crc32,64,512,544,0.0625,0.01,4,detectado
crc32,64,512,544,0.0625,0.01,5,detectado
crc32,64,512,544,0.0625,0.01,7,detectado
crc32,64,512,544,0.0625,0.01,3,detectado
crc32,64,512,544,0.0625,0.01,3,detectado
crc32,64,512,544,0.0625,0.01,6,detectado
crc32,64,512,544,0.0625,0.01,6,detectado
crc32,64,512,544,0.0625,0.01,2,detectado
crc32,64,512,544,0.0625,0.01,4,detectado
crc32,64,512,544,0.0625,0.01,5,detectado
crc32,64,512,544,0.0625,0.01,7,detectado
crc32,64,512,544,0.0625,0.01,3,detectado
crc32,64,512,544,0.0625,0.01,6,detectado
crc32,64,512,544,0.0625,0.01,7,detectado
crc32,64,512,544,0.0625,0.01,5,detectado
crc32,64,512,544,0.0625,0.01,4,detectado
crc32,64,512,544,0.0625,0.01,2,detectado
crc32,64,512,544,0.0625,0.01,0,correcto
crc32,64,512,544,0.0625,0.01,6,detectado
crc32,64,512,544,0.0625,0.01,6,detectado
crc32,64,512,544,0.0625,0.01,5,detectado
crc32,64,512,544,0.0625,0.01,4,detectado
crc32,64,512,544,0.0625,0.01,7,detectado
crc32,64,512,544,0.0625,0.01,7,detectado
crc32,64,512,544,0.0625,0.01,4,detectado
crc32,64,512,544,0.0625,0.01,5,detectado
crc32,64,512,544,0.0625,0.01,7,detectado
crc32,64,512,544,0.0625,0.01,11,detectado
crc32,64,512,544,0.0625,0.01,10,detectado
crc32,64,512,544,0.0625,0.01,9,detectado
crc32,64,512,544,0.0625,0.01,4,detectado
crc32,64,512,544,0.0625,0.01,8,detectado
crc32,64,512,544,0.0625,0.01,6,detectado
crc32,64,512,544,0.0625,0.01,5,detectado
crc32,64,512,544,0.0625,0.01,13,detectado
crc32,64,512,544,0.0625,0.01,10,detectado
crc32,64,512,544,0.0625,0.01,5,detectado
crc32,64,512,544,0.0625,0.01,6,detectado
crc32,64,512,544,0.0625,0.01,8,detectado
crc32,64,512,544,0.0625,0.01,4,detectado
crc32,64,512,544,0.0625,0.01,5,detectado
crc32,64,512,544,0.0625,0.01,6,detectado
crc32,64,512,544,0.0625,0.01,6,detectado
crc32,64,512,544,0.0625,0.01,7,detectado
crc32,64,512,544,0.0625,0.01,6,detectado
crc32,64,512,544,0.0625,0.01,10,detectado
crc32,64,512,544,0.0625,0.01,5,detectado
crc32,64,512,544,0.0625,0.01,6,detectado
crc32,64,512,544,0.0625,0.01,5,detectado
crc32,64,512,544,0.0625,0.01,5,detectado
crc32,64,512,544,0.0625,0.01,3,detectado
crc32,64,512,544,0.0625,0.01,8,detectado
crc32,64,512,544,0.0625,0.01,4,detectado
crc32,64,512,544,0.0625,0.01,7,detectado
crc32,64,512,544,0.0625,0.01,4,detectado
crc32,64,512,544,0.0625,0.01,3,detectado
crc32,64,512,544,0.0625,0.01,5,detectado
crc32,64,512,544,0.0625,0.01,5,detectado
crc32,64,512,544,0.0625,0.01,4,detectado
crc32,64,512,544,0.0625,0.01,6,detectado
crc32,64,512,544,0.0625,0.01,7,detectado
crc32,64,512,544,0.0625,0.01,2,detectado
crc32,64,512,544,0.0625,0.01,6,detectado
crc32,64,512,544,0.0625,0.01,2,detectado
crc32,64,512,544,0.0625,0.01,4,detectado
crc32,64,512,544,0.0625,0.01,3,detectado
crc32,64,512,544,0.0625,0.01,5,detectado
crc32,64,512,544,0.0625,0.01,6,detectado
crc32,64,512,544,0.0625,0.01,4,detectado
crc32,64,512,544,0.0625,0.01,6,detectado
crc32,64,512,544,0.0625,0.01,5,detectado
crc32,64,512,544,0.0625,0.01,2,detectado
crc32,64,512,544,0.0625,0.01,2,detectado
crc32,64,512,544,0.0625,0.01,8,detectado
crc32,64,512,544,0.0625,0.01,9,detectado
crc32,64,512,544,0.0625,0.01,3,detectado
crc32,64,512,544,0.0625,0.01,5,detectado
crc32,64,512,544,0.0625,0.01,5,detectado
crc32,64,512,544,0.0625,0.01,6,detectado
crc32,64,512,544,0.0625,0.01,3,detectado
crc32,64,512,544,0.0625,0.01,13,detectado
crc32,64,512,544,0.0625,0.01,5,detectado
crc32,64,512,544,0.0625,0.01,5,detectado
crc32,64,512,544,0.0625,0.01,2,detectado
crc32,64,512,544,0.0625,0.01,5,detectado
crc32,64,512,544,0.0625,0.01,4,detectado
crc32,64,512,544,0.0625,0.01,3,detectado
crc32,64,512,544,0.0625,0.01,4,detectado
crc32,64,512,544,0.0625,0.01,4,detectado
crc32,64,512,544,0.0625,0.01,7,detectado
crc32,64,512,544,0.0625,0.01,6,detectado
crc32,64,512,544,0.0625,0.02,13,detectado
crc32,64,512,544,0.0625,0.02,10,detectado
crc32,64,512,544,0.0625,0.02,5,detectado
crc32,64,512,544,0.0625,0.02,8,detectado
crc32,64,512,544,0.0625,0.02,11,detectado
crc32,64,512,544,0.0625,0.02,5,detectado
crc32,64,512,544,0.0625,0.02,13,detectado
crc32,64,512,544,0.0625,0.02,11,detectado
crc32,64,512,544,0.0625,0.02,14,detectado
crc32,64,512,544,0.0625,0.02,11,detectado
crc32,64,512,544,0.0625,0.02,12,detectado
crc32,64,512,544,0.0625,0.02,8,detectado
crc32,64,512,544,0.0625,0.02,10,detectado
crc32,64,512,544,0.0625,0.02,10,detectado
crc32,64,512,544,0.0625,0.02,14,detectado
crc32,64,512,544,0.0625,0.02,10,detectado
crc32,64,512,544,0.0625,0.02,13,detectado
crc32,64,512,544,0.0625,0.02,7,detectado
crc32,64,512,544,0.0625,0.02,10,detectado
crc32,64,512,544,0.0625,0.02,7,detectado
crc32,64,512,544,0.0625,0.02,8,detectado
crc32,64,512,544,0.0625,0.02,12,detectado
crc32,64,512,544,0.0625,0.02,12,detectado
crc32,64,512,544,0.0625,0.02,13,detectado
crc32,64,512,544,0.0625,0.02,6,detectado
crc32,64,512,544,0.0625,0.02,14,detectado
crc32,64,512,544,0.0625,0.02,10,detectado
crc32,64,512,544,0.0625,0.02,12,detectado
crc32,64,512,544,0.0625,0.02,13,detectado
crc32,64,512,544,0.0625,0.02,13,detectado
crc32,64,512,544,0.0625,0.02,10,detectado
crc32,64,512,544,0.0625,0.02,4,detectado
crc32,64,512,544,0.0625,0.02,8,detectado
crc32,64,512,544,0.0625,0.02,16,detectado
crc32,64,512,544,0.0625,0.02,13,detectado
crc32,64,512,544,0.0625,0.02,6,detectado
crc32,64,512,544,0.0625,0.02,17,detectado
crc32,64,512,544,0.0625,0.02,12,detectado
crc32,64,512,544,0.0625,0.02,14,detectado
crc32,64,512,544,0.0625,0.02,6,detectado
crc32,64,512,544,0.0625,0.02,15,detectado
crc32,64,512,544,0.0625,0.02,16,detectado
crc32,64,512,544,0.0625,0.02,6,detectado
crc32,64,512,544,0.0625,0.02,8,detectado
crc32,64,512,544,0.0625,0.02,14,detectado
crc32,64,512,544,0.0625,0.02,9,detectado
crc32,64,512,544,0.0625,0.02,8,detectado
crc32,64,512,544,0.0625,0.02,6,detectado
crc32,64,512,544,0.0625,0.02,7,detectado
crc32,64,512,544,0.0625,0.02,7,detectado
crc32,64,512,544,0.0625,0.02,8,detectado
crc32,64,512,544,0.0625,0.02,11,detectado
crc32,64,512,544,0.0625,0.02,11,detectado
crc32,64,512,544,0.0625,0.02,7,detectado
crc32,64,512,544,0.0625,0.02,9,detectado
crc32,64,512,544,0.0625,0.02,7,detectado
crc32,64,512,544,0.0625,0.02,9,detectado
crc32,64,512,544,0.0625,0.02,9,detectado
crc32,64,512,544,0.0625,0.02,8,detectado
crc32,64,512,544,0.0625,0.02,11,detectado
crc32,64,512,544,0.0625,0.02,12,detectado
crc32,64,512,544,0.0625,0.02,13,detectado
crc32,64,512,544,0.0625,0.02,9,detectado
crc32,64,512,544,0.0625,0.02,7,detectado
crc32,64,512,544,0.0625,0.02,12,detectado
crc32,64,512,544,0.0625,0.02,11,detectado
crc32,64,512,544,0.0625,0.02,12,detectado
crc32,64,512,544,0.0625,0.02,14,detectado
crc32,64,512,544,0.0625,0.02,11,detectado
crc32,64,512,544,0.0625,0.02,13,detectado
crc32,64,512,544,0.0625,0.02,6,detectado
crc32,64,512,544,0.0625,0.02,9,detectado
crc32,64,512,544,0.0625,0.02,13,detectado
crc32,64,512,544,0.0625,0.02,5,detectado
crc32,64,512,544,0.0625,0.02,9,detectado
crc32,64,512,544,0.0625,0.02,11,detectado
crc32,64,512,544,0.0625,0.02,12,detectado
crc32,64,512,544,0.0625,0.02,5,detectado
crc32,64,512,544,0.0625,0.02,15,detectado
crc32,64,512,544,0.0625,0.02,13,detectado
crc32,64,512,544,0.0625,0.02,8,detectado
crc32,64,512,544,0.0625,0.02,11,detectado
crc32,64,512,544,0.0625,0.02,8,detectado
crc32,64,512,544,0.0625,0.02,10,detectado
crc32,64,512,544,0.0625,0.02,7,detectado
crc32,64,512,544,0.0625,0.02,12,detectado
crc32,64,512,544,0.0625,0.02,19,detectado
crc32,64,512,544,0.0625,0.02,9,detectado
crc32,64,512,544,0.0625,0.02,10,detectado
crc32,64,512,544,0.0625,0.02,8,detectado
crc32,64,512,544,0.0625,0.02,8,detectado
crc32,64,512,544,0.0625,0.02,11,detectado
crc32,64,512,544,0.0625,0.02,10,detectado
crc32,64,512,544,0.0625,0.02,8,detectado
crc32,64,512,544,0.0625,0.02,12,detectado
crc32,64,512,544,0.0625,0.02,10,detectado
crc32,64,512,544,0.0625,0.02,12,detectado
crc32,64,512,544,0.0625,0.02,11,detectado
crc32,64,512,544,0.0625,0.02,10,detectado
crc32,64,512,544,0.0625,0.02,12,detectado
crc32,64,512,544,0.0625,0.05,30,detectado
crc32,64,512,544,0.0625,0.05,31,detectado
crc32,64,512,544,0.0625,0.05,24,detectado
crc32,64,512,544,0.0625,0.05,22,detectado
crc32,64,512,544,0.0625,0.05,32,detectado
crc32,64,512,544,0.0625,0.05,24,detectado
crc32,64,512,544,0.0625,0.05,43,detectado
crc32,64,512,544,0.0625,0.05,29,detectado
crc32,64,512,544,0.0625,0.05,22,detectado
crc32,64,512,544,0.0625,0.05,25,detectado
crc32,64,512,544,0.0625,0.05,26,detectado
crc32,64,512,544,0.0625,0.05,31,detectado
crc32,64,512,544,0.0625,0.05,25,detectado
crc32,64,512,544,0.0625,0.05,27,detectado
crc32,64,512,544,0.0625,0.05,23,detectado
crc32,64,512,544,0.0625,0.05,26,detectado
crc32,64,512,544,0.0625,0.05,26,detectado
crc32,64,512,544,0.0625,0.05,26,detectado
crc32,64,512,544,0.0625,0.05,29,detectado
crc32,64,512,544,0.0625,0.05,30,detectado
crc32,64,512,544,0.0625,0.05,25,detectado
crc32,64,512,544,0.0625,0.05,28,detectado
crc32,64,512,544,0.0625,0.05,34,detectado
crc32,64,512,544,0.0625,0.05,28,detectado
crc32,64,512,544,0.0625,0.05,29,detectado
crc32,64,512,544,0.0625,0.05,32,detectado
crc32,64,512,544,0.0625,0.05,31,detectado
crc32,64,512,544,0.0625,0.05,28,detectado
crc32,64,512,544,0.0625,0.05,31,detectado
crc32,64,512,544,0.0625,0.05,47,detectado
crc32,64,512,544,0.0625,0.05,29,detectado
crc32,64,512,544,0.0625,0.05,29,detectado
crc32,64,512,544,0.0625,0.05,31,detectado
crc32,64,512,544,0.0625,0.05,35,detectado
crc32,64,512,544,0.0625,0.05,29,detectado
crc32,64,512,544,0.0625,0.05,22,detectado
crc32,64,512,544,0.0625,0.05,33,detectado
crc32,64,512,544,0.0625,0.05,27,detectado
crc32,64,512,544,0.0625,0.05,34,detectado
crc32,64,512,544,0.0625,0.05,29,detectado
crc32,64,512,544,0.0625,0.05,25,detectado
crc32,64,512,544,0.0625,0.05,20,detectado
crc32,64,512,544,0.0625,0.05,20,detectado
crc32,64,512,544,0.0625,0.05,35,detectado
crc32,64,512,544,0.0625,0.05,37,detectado
crc32,64,512,544,0.0625,0.05,20,detectado
crc32,64,512,544,0.0625,0.05,23,detectado
crc32,64,512,544,0.0625,0.05,18,detectado
crc32,64,512,544,0.0625,0.05,30,detectado
crc32,64,512,544,0.0625,0.05,26,detectado
crc32,64,512,544,0.0625,0.05,21,detectado
crc32,64,512,544,0.0625,0.05,30,detectado
crc32,64,512,544,0.0625,0.05,27,detectado
crc32,64,512,544,0.0625,0.05,32,detectado
crc32,64,512,544,0.0625,0.05,27,detectado
crc32,64,512,544,0.0625,0.05,31,detectado
crc32,64,512,544,0.0625,0.05,22,detectado
crc32,64,512,544,0.0625,0.05,25,detectado
crc32,64,512,544,0.0625,0.05,22,detectado
crc32,64,512,544,0.0625,0.05,23,detectado
crc32,64,512,544,0.0625,0.05,27,detectado
crc32,64,512,544,0.0625,0.05,32,detectado
crc32,64,512,544,0.0625,0.05,35,detectado
crc32,64,512,544,0.0625,0.05,15,detectado
crc32,64,512,544,0.0625,0.05,24,detectado
crc32,64,512,544,0.0625,0.05,21,detectado
crc32,64,512,544,0.0625,0.05,18,detectado
crc32,64,512,544,0.0625,0.05,38,detectado
crc32,64,512,544,0.0625,0.05,22,detectado
crc32,64,512,544,0.0625,0.05,26,detectado
crc32,64,512,544,0.0625,0.05,27,detectado
crc32,64,512,544,0.0625,0.05,30,detectado
crc32,64,512,544,0.0625,0.05,16,detectado
crc32,64,512,544,0.0625,0.05,27,detectado
crc32,64,512,544,0.0625,0.05,26,detectado
crc32,64,512,544,0.0625,0.05,24,detectado
crc32,64,512,544,0.0625,0.05,27,detectado
crc32,64,512,544,0.0625,0.05,27,detectado
crc32,64,512,544,0.0625,0.05,36,detectado
crc32,64,512,544,0.0625,0.05,27,detectado
crc32,64,512,544,0.0625,0.05,34,detectado
crc32,64,512,544,0.0625,0.05,27,detectado
crc32,64,512,544,0.0625,0.05,27,detectado
crc32,64,512,544,0.0625,0.05,24,detectado
crc32,64,512,544,0.0625,0.05,26,detectado
crc32,64,512,544,0.0625,0.05,32,detectado
crc32,64,512,544,0.0625,0.05,33,detectado
crc32,64,512,544,0.0625,0.05,29,detectado
crc32,64,512,544,0.0625,0.05,35,detectado
crc32,64,512,544,0.0625,0.05,32,detectado
crc32,64,512,544,0.0625,0.05,24,detectado
crc32,64,512,544,0.0625,0.05,20,detectado
crc32,64,512,544,0.0625,0.05,28,detectado
crc32,64,512,544,0.0625,0.05,22,detectado
crc32,64,512,544,0.0625,0.05,31,detectado
crc32,64,512,544,0.0625,0.05,25,detectado
crc32,64,512,544,0.0625,0.05,31,detectado
crc32,64,512,544,0.0625,0.05,31,detectado
crc32,64,512,544,0.0625,0.05,29,detectado
crc32,64,512,544,0.0625,0.05,27,detectado
